指定等,区分,種別,名称,所有者,所在地,指定年月日,公開情報,備考,NO,区,緯度,経度
国指定,有形,建造物,方広寺七尊菩薩堂,方広寺,浜名区引佐町奥山,1954-09-17,公開,,1,浜名区,,
国指定,有形,建造物,中村家住宅　附　家相図,浜松市,中央区雄踏町宇布見,1973-06-02,条件付き公開,展示状況による（中村家住宅）,2,中央区,,
国指定,有形,建造物,宝林寺　仏殿・方丈,宝林寺,浜名区細江町中川,1981-06-05,公開,,3,浜名区,,
国指定,有形,建造物,浜名惣社神明宮本殿,浜名惣社神明宮,浜名区三ヶ日町三ヶ日,1993-04-20,公開,,4,浜名区,,
国指定,有形,建造物,鈴木家住宅　主屋・釜屋,個人,浜名区引佐町的場,2007-06-18,公開,令和3年3月～令和4年11月頃工事臨時休館,5,浜名区,,
国指定,有形,絵画,絹本著色普賢十羅刹女像,大福寺,浜名区三ヶ日町福長,1900-04-07,条件付き公開,展示状況による,6,浜名区,,
国指定,有形,彫刻,木造千手観音立像,摩訶耶寺,浜名区三ヶ日町摩訶耶,1915-03-26,条件付き公開,展示状況による,7,浜名区,,
国指定,有形,彫刻,木造不動明王立像,摩訶耶寺,浜名区三ヶ日町摩訶耶,1923-03-28,条件付き公開,展示状況による,8,浜名区,,
国指定,有形,彫刻,木造地蔵菩薩立像　附　像内納入品,岩水寺,浜名区根堅,2011-06-27,非公開,秘仏,9,浜名区,,
国指定,有形,彫刻,木造釈迦如来及両脇侍坐像,方広寺,浜名区引佐町奥山,2014-08-21,条件付き公開,展示状況による,10,浜名区,,
国指定,有形,工芸品,太刀　銘安縄（備前）,秋葉神社,天竜区春野町領家,1922-04-13,条件付き公開,展示状況による,11,天竜区,,
国指定,有形,工芸品,太刀　銘弘次,秋葉神社,天竜区春野町領家,1923-03-28,条件付き公開,展示状況による,12,天竜区,,
国指定,有形,工芸品,太刀　銘来国光,秋葉神社,天竜区春野町領家,1923-03-28,条件付き公開,展示状況による,13,天竜区,,
国指定,有形,工芸品,太刀　銘国綱,井伊谷宮,東京都台東区,1925-04-24,条件付き公開,展示状況による（東京国立博物館）,14,,,
国指定,有形,工芸品,太刀　久國,個人,中央区西伊場町,1950-08-29,非公開,,15,中央区,,
国指定,有形,工芸品,刺繍不動明王二童子像掛幅,浜松市,中央区松城町,1950-08-29,条件付き公開,展示状況による（浜松市美術館）,16,中央区,,
国指定,有形,工芸品,紫地段花菱円文散草花模様縫箔小袖,平野美術館,中央区元浜町,1960-06-09,条件付き公開,展示状況による,17,中央区,,
国指定,有形,工芸品,金銅装笈,大福寺,浜名区三ヶ日町福長,1979-06-06,条件付き公開,展示状況による,18,浜名区,,
国指定,有形,典籍,宋版錦繍萬花谷,龍潭寺,浜名区引佐町井伊谷,1978-06-15,条件付き公開,展示状況による,19,浜名区,,
国指定,有形,古文書,紙本墨書瑠璃山年録残篇,大福寺,浜名区三ヶ日町福長,1905-04-04,条件付き公開,展示状況による,20,浜名区,,
国指定,民俗,無形,西浦の田楽,西浦田楽保存会,天竜区水窪町奥領家,1976-05-04,条件付き公開,開催状況による,21,天竜区,,
国指定,民俗,無形,遠江のひよんどりとおくない,（各保存会）,浜名区引佐町他,1994-12-13,条件付き公開,開催状況による,22,浜名区,,
国指定,記念物,史跡,三岳城跡,静岡県他,浜名区引佐町三岳他,1944-03-07,公開,,23,浜名区,,
国指定,記念物,史跡,蜆塚遺跡,浜松市他,中央区蜆塚四丁目,1959-05-13,公開,,24,中央区,,
国指定,記念物,史跡,二俣城跡及び鳥羽山城跡,浜松市他,天竜区二俣町二俣,2018-02-13,公開,,25,天竜区,,
国指定,記念物,史跡,光明山古墳,光明寺他,天竜区山東,2020-03-10,公開,墳丘上立ち入り不可,26,天竜区,,
国指定,記念物,名勝,龍潭寺庭園,龍潭寺,浜名区引佐町井伊谷,1936-09-03,公開,,27,浜名区,,
国指定,記念物,天然記念物,北浜の大カヤノキ,個人,浜名区本沢合,1954-03-20,公開,,28,浜名区,,
国指定,記念物,天然記念物,京丸のアカヤシオ及びシロヤシオ群生地,国,天竜区春野町小俣京丸,1974-11-26,非公開,,29,天竜区,,
県指定,有形,建造物,旧王子製紙製品倉庫,浜松市,天竜区春野町気田,1977-03-18,条件付き公開,浜松市立春野中学校敷地内　外観のみ,30,天竜区,,
県指定,有形,建造物,摂社天羽槌雄神社,浜名惣社神明宮,浜名区三ヶ日町三ヶ日,1979-11-19,公開,,31,浜名区,,
県指定,有形,建造物,宝林寺山門,宝林寺,浜名区細江町中川,1990-03-20,公開,,32,浜名区,,
県指定,有形,建造物,龍潭寺伽藍　附　棟札　山号額,龍潭寺,浜名区引佐町井伊谷,1995-03-20,公開,棟札は非公開,33,浜名区,,
県指定,有形,絵画,紙本金地著色遊楽図六曲屏風,龍潭寺,浜名区引佐町井伊谷,1977-03-18,条件付き公開,展示による,34,浜名区,,
県指定,有形,絵画,紙本着色独湛禅師画像,宝林寺,浜名区細江町中川,1977-12-20,条件付き公開,展示による,35,浜名区,,
県指定,有形,絵画,紙本着色近藤貞用夫妻画像,宝林寺,浜名区細江町中川,1977-12-20,条件付き公開,展示による,36,浜名区,,
県指定,有形,絵画,絹本着色無文元選像,方広寺,浜名区引佐町奥山,1977-12-20,条件付き公開,展示による,37,浜名区,,
県指定,有形,絵画,渡辺崋山筆呂公釣渭図,個人,浜名区引佐町井伊谷,1981-10-23,非公開,,38,浜名区,,
県指定,有形,絵画,蟲魚帖稿,浜松市,中央区松城町,2013-03-15,条件付き公開,展示状況による（浜松市美術館）,39,中央区,,
県指定,有形,彫刻,古面,息神社,中央区雄踏町宇布見,1968-03-19,非公開,,40,中央区,,
県指定,有形,彫刻,獅子頭,息神社,中央区雄踏町宇布見,1968-03-19,非公開,,41,中央区,,
県指定,有形,彫刻,木造大日如来坐像,光禅寺,中央区大蒲町,1974-04-18,条件付き公開,年1回成人の日、時間限定公開（複製は浜松市博物館の展示状況による）,42,中央区,,
県指定,有形,彫刻,木造釈迦如来坐像,華蔵寺,浜名区三ヶ日町日比沢,1974-04-18,条件付き公開,秘仏　25年毎御開帳（次回2024年）,43,浜名区,,
県指定,有形,彫刻,木造薬師如来坐像,大福寺,浜名区三ヶ日町福長,1974-04-18,非公開,秘仏,44,浜名区,,
県指定,有形,彫刻,木造阿弥陀如来坐像,摩訶耶寺,浜名区三ヶ日町摩訶耶,1974-04-18,公開,,45,浜名区,,
県指定,有形,彫刻,木造金剛力士立像,摩訶耶寺,浜名区三ヶ日町摩訶耶,1974-04-18,非公開,,46,浜名区,,
県指定,有形,彫刻,能面父尉,宇志八幡宮,浜名区三ヶ日町宇志,1977-03-18,非公開,,47,浜名区,,
県指定,有形,彫刻,能面鉢巻悪尉,宇志八幡宮,浜名区三ヶ日町宇志,1977-12-20,非公開,,48,浜名区,,
県指定,有形,彫刻,王の舞面,津毛利神社,中央区参野町,1981-03-16,非公開,,49,中央区,,
県指定,有形,彫刻,木造金剛力士立像,大福寺,浜名区三ヶ日町福長,2008-03-21,公開,,50,浜名区,,
県指定,有形,彫刻,木造釈迦如来坐像及び両脇侍像（釈迦如来坐像の背面に寛文七年四月十六日、洛陽大仏師法橋康祐の銘あり）木造達磨大師坐像・伝武帝倚像　木造二十四善神立像,宝林寺,浜名区細江町中川,2011-12-02,公開,,51,浜名区,,
県指定,有形,工芸品,脇指　銘肥前国住武蔵大掾藤原忠広,個人,中央区相生町,1957-05-13,非公開,,52,中央区,,
県指定,有形,工芸品,梵鐘,長楽寺,浜名区細江町気賀,1957-12-25,公開,,53,浜名区,,
県指定,有形,工芸品,脇指　銘長曽祢興里入道虎徹　延宝三年卯霜月日,個人,中央区若林町,1962-06-15,非公開,,54,中央区,,
県指定,有形,工芸品,脇指　銘サカミ、鍛エンシウ、浜松ニテ焼刃,個人,中央区坪井町,1963-04-30,非公開,,55,中央区,,
県指定,有形,工芸品,刀　銘（葵）以南蛮鉄於武州江戸越前康継,個人,中央区坪井町,1963-04-30,非公開,,56,中央区,,
県指定,有形,工芸品,刀,個人,中央区田町,1964-04-21,非公開,,57,中央区,,
県指定,有形,工芸品,獅子がみの兜,個人,中央区富塚町,1968-03-19,非公開,,58,中央区,,
県指定,有形,工芸品,鰐口（文安元年在銘）,大時自治会,天竜区春野町宮川,1975-03-25,非公開,,59,天竜区,,
県指定,有形,書跡,紙本墨書大般若経,大智寺,天竜区春野町宮川,1975-03-25,非公開,,60,天竜区,,
県指定,有形,典籍,正平版論語,県居神社,中央区東伊場一丁目,1967-10-11,非公開,,61,中央区,,
県指定,有形,古文書,内山真龍自筆稿本遠江国風土記伝及び自筆日記,個人,天竜区大谷,2000-03-17,条件付き公開,展示状況による（内山真龍資料館）,62,天竜区,,
県指定,有形,考古資料,引佐町上野馬場平古墳出土品を含む考古資料一括,浜松市,中央区蜆塚四丁目,1967-10-11,条件付き公開,展示状況による（浜松市博物館）,63,中央区,,
県指定,有形,考古資料,銅鐸（猪久保出土）,浜松市,浜名区三ヶ日町三ヶ日,1967-10-11,非公開,,64,浜名区,,
県指定,有形,考古資料,赤門上古墳出土遺物,浜松市,浜名区貴布祢,1990-03-20,条件付き公開,展示状況による（市民ミュージアム浜北）,65,浜名区,,
県指定,有形,考古資料,銅鐸（滝峯才四郎谷出土）,浜松市,浜名区細江町気賀,1993-03-26,条件付き公開,展示状況による（浜松市姫街道と銅鐸の歴史民俗資料館）,66,浜名区,,
県指定,有形,考古資料,銅鐸（前原遺跡出土）,浜松市,浜名区細江町気賀,2000-11-17,条件付き公開,展示状況による（浜松市姫街道と銅鐸の歴史民俗資料館）,67,浜名区,,
県指定,有形,考古資料,伊場遺跡群出土古代地方官衙関係資料,浜松市,中央区蜆塚四丁目,2002-03-22,条件付き公開,展示状況による（浜松市博物館）,68,中央区,,
県指定,有形,考古資料,鳥居松遺跡出土金銀装円頭大刀,浜松市,中央区蜆塚四丁目,2020-03-27,条件付き公開,展示状況による（浜松市博物館）,69,中央区,,
県指定,民俗,有形,藤布織機一式及び製品一括,浜松市,天竜区水窪町地頭方,1968-03-19,条件付き公開,展示状況による（浜松市水窪民俗資料館）,70,天竜区,,
県指定,民俗,有形,染め型紙一括,個人,天竜区水窪町奥領家,1968-03-19,非公開,,71,天竜区,,
県指定,民俗,有形,旧山瀬家のコヤ,浜松市,浜名区細江町気賀,1984-11-30,公開,,72,浜名区,,
県指定,民俗,有形,舞阪の海苔生産用具,浜松市,中央区舞阪町舞阪,1999-03-15,条件付き公開,展示状況による（浜松市舞阪郷土資料館）,73,中央区,,
県指定,民俗,有形,佐久間の林業と山村生活の用具,浜松市,天竜区佐久間町佐久間,2012-11-30,公開,,74,天竜区,,
県指定,民俗,無形,呉松の大念仏,同保存会,中央区呉松町,1957-12-15,条件付き公開,宿蘆寺（8月15日）のみ公開,75,中央区,,
県指定,民俗,無形,滝沢の放歌踊り,同保存会,浜名区滝沢町,1957-12-15,条件付き公開,林慶寺（8月13日）のみ公開,76,浜名区,,
県指定,民俗,無形,横尾歌舞伎,同保存会,浜名区引佐町横尾、白岩,1974-04-19,条件付き公開,開催状況による,77,浜名区,,
県指定,民俗,無形,川合花の舞,同保存会,天竜区佐久間町川合,1976-01-01,条件付き公開,開催状況による,78,天竜区,,
県指定,民俗,無形,西浦の念仏踊り,同保存会,天竜区水窪町奥領家,1997-11-27,条件付き公開,開催状況による,79,天竜区,,
県指定,記念物,史跡,犀ヶ崖古戦場,浜松市他,中央区鹿谷町ほか,1952-04-01,公開,,80,中央区,,
県指定,記念物,史跡,陣座ヶ谷古墳,個人,浜名区細江町中川,1968-07-02,公開,墳丘上は立ち入り不可,81,浜名区,,
県指定,記念物,史跡,赤門上古墳,龍泉院,浜名区内野,1979-11-19,公開,,82,浜名区,,
県指定,記念物,史跡,千頭峯城跡,摩訶耶区他,浜名区三ヶ日町摩訶耶,1981-03-16,公開,,83,浜名区,,
県指定,記念物,史跡,犬居城跡,個人,天竜区春野町堀之内,1985-03-19,公開,,84,天竜区,,
県指定,記念物,史跡,渭伊神社境内遺跡,渭伊神社,浜名区引佐町井伊谷,1992-03-17,公開,,85,浜名区,,
県指定,記念物,史跡,滝峯才四郎谷遺跡,浜松市,浜名区細江町中川,1993-03-26,公開,,86,浜名区,,
県指定,記念物,史跡,青崩峠,浜松市,天竜区水窪町奥領家,1996-03-12,公開,,87,天竜区,,
県指定,記念物,史跡,二本ヶ谷積石塚群,浜松市,浜名区染地台五丁目,2013-03-15,公開,,88,浜名区,,
県指定,記念物,名勝,浜名湖,静岡県他,中央区、北区,1954-01-30,公開,,89,中央区,,
県指定,記念物,名勝,大福寺庭園,大福寺,浜名区三ヶ日町福長,1977-03-18,公開,,90,浜名区,,
県指定,記念物,名勝,摩訶耶寺庭園,摩訶耶寺,浜名区三ヶ日町摩訶耶,1977-03-18,公開,,91,浜名区,,
県指定,記念物,名勝,長楽寺庭園,長楽寺,浜名区細江町気賀,1986-03-22,公開,,92,浜名区,,
県指定,記念物,名勝,実相寺庭園,実相寺,浜名区引佐町金指,2008-11-11,公開,,93,浜名区,,
県指定,記念物,天然記念物,雲立のクス,浜松八幡宮,中央区八幡町,1952-04-01,公開,,94,中央区,,
県指定,記念物,天然記念物,法橋のマツ,妙恩寺,中央区天竜川町,1952-04-01,公開,,95,中央区,,
県指定,記念物,天然記念物,テンダイウヤク群落地,細江神社,浜名区細江町気賀,1952-04-01,公開,,96,浜名区,,
県指定,記念物,天然記念物,将軍スギ,武速神社,天竜区横川,1952-04-01,公開,,97,天竜区,,
県指定,記念物,天然記念物,春野スギ,大光寺,天竜区春野町花島,1952-04-01,公開,,98,天竜区,,
県指定,記念物,天然記念物,笹ヶ瀬隕石,増福寺,中央区北寺島町,1955-04-19,条件付き公開,展示状況による（浜松市科学館）,99,中央区,,
県指定,記念物,天然記念物,シブカワツツジ群落,浜松市・個人,浜名区引佐町渋川,1958-09-02,条件付き公開,非公開範囲有,100,浜名区,,
県指定,記念物,天然記念物,鵺代のマンサク群落,個人,浜名区三ヶ日町鵺代，下尾奈,1971-08-03,公開,,101,浜名区,,
県指定,記念物,天然記念物,水窪小学校のイチイガシ,浜松市,天竜区水窪町奥領家,1971-08-03,公開,,102,天竜区,,
県指定,記念物,天然記念物,山住神社のスギ,山住神社,天竜区水窪町山住,1971-08-03,公開,,103,天竜区,,
県指定,記念物,天然記念物,龍山のホソバシャクナゲ群落,国,天竜区龍山町瀬尻,1974-04-18,条件付き公開,調査目的に限る、要事前連絡,104,天竜区,,
県指定,記念物,天然記念物,浦川のホソバシャクナゲ群落,個人,天竜区佐久間町浦川,1974-04-18,非公開,,105,天竜区,,
県指定,記念物,天然記念物,米沢諏訪神社のイチイガシ,諏訪神社,天竜区米沢,1990-03-20,公開,,106,天竜区,,
県指定,記念物,天然記念物,柴のタブノキ,個人,天竜区熊,1993-03-26,公開,,107,天竜区,,
県指定,記念物,天然記念物,ホウジ峠の中央構造線,個人,天竜区佐久間町佐久間，奥領家,1994-03-25,公開,,108,天竜区,,
市指定,有形,建造物,大雄寺山門,大雄寺,中央区天神町,1961-04-12,公開,,109,中央区,,
市指定,有形,建造物,気賀関所本番所,個人,浜名区細江町気賀,1966-01-27,公開,外観のみ,110,浜名区,,
市指定,有形,建造物,甘露寺中門,甘露寺,中央区中郡町,1966-03-14,公開,,111,中央区,,
市指定,有形,建造物,秋葉神社神門,秋葉神社,天竜区春野町領家,1966-12-26,公開,,112,天竜区,,
市指定,有形,建造物,東林寺山門附棟札,東林寺,浜名区細江町気賀,1968-11-25,公開,棟札非公開,113,浜名区,,
市指定,有形,建造物,中村家住宅長屋門,浜松市,中央区雄踏町宇布見,1980-03-17,公開,,114,中央区,,
市指定,有形,建造物,上島新田組秋葉山常夜燈鞘堂,新田組,浜名区上島,1982-05-22,公開,,115,浜名区,,
市指定,有形,建造物,宝篋印塔,個人,天竜区水窪町地頭方,1983-02-15,非公開,,116,天竜区,,
市指定,有形,建造物,山住神社神門,山住神社,天竜区水窪町山住,1988-03-09,公開,,117,天竜区,,
市指定,有形,建造物,白柳家住宅,個人,浜名区細江町気賀,1988-03-10,条件付き公開,外観のみ,118,浜名区,,
市指定,有形,建造物,宝林寺報恩堂,宝林寺,浜名区細江町中川,1988-11-01,公開,,119,浜名区,,
市指定,有形,建造物,瑞雲院山門,瑞雲院,天竜区春野町堀之内,1990-01-24,公開,,120,天竜区,,
市指定,有形,建造物,瑞雲院鐘楼,瑞雲院,天竜区春野町堀之内,1990-01-24,公開,,121,天竜区,,
市指定,有形,建造物,内山家住宅長屋門,浜松市,天竜区大谷,1991-02-28,公開,,122,天竜区,,
市指定,有形,建造物,旧舞坂脇本陣,浜松市,中央区舞阪町舞阪,1997-04-18,公開,,123,中央区,,
市指定,有形,建造物,御室家住宅長屋門,個人,天竜区佐久間町佐久間,1997-07-08,非公開,,124,天竜区,,
市指定,有形,建造物,小松秋葉大鳥居,秋葉神社,浜名区小松,2005-03-24,公開,,125,浜名区,,
市指定,有形,建造物,小松秋葉山常夜燈,秋葉神社,浜名区小松,2005-03-24,公開,,126,浜名区,,
市指定,有形,建造物,静岡銀行浜松営業部本館（旧遠州銀行本店）,静岡銀行,中央区田町,2005-12-20,公開,,127,中央区,,
市指定,有形,建造物,旧浜松銀行協会,浜松市,中央区栄町,2009-03-02,公開,,128,中央区,,
市指定,有形,建造物,実相寺伽藍（本堂・観音堂・庚申堂）,実相寺,浜名区引佐町金指,2017-02-23,公開,,129,浜名区,,
市指定,有形,絵画,紙本著色山水図（内山真龍筆）,個人,天竜区大谷,1961-12-01,非公開,,130,天竜区,,
市指定,有形,絵画,紙本著色内山真龍自画像（自賛がある）,個人,天竜区大谷,1961-12-01,非公開,,131,天竜区,,
市指定,有形,絵画,紙本著色聖徳太子像（寛政三年七月画の記がある，内山真龍筆）,玖延寺,天竜区二俣町阿蔵,1961-12-01,非公開,,132,天竜区,,
市指定,有形,絵画,紙本著色布袋図（風外慧薫禅師筆）,個人,浜名区細江町気賀,1972-04-14,非公開,,133,浜名区,,
市指定,有形,絵画,絹本著色引佐細江澪標図（内山真龍筆）,個人,浜名区細江町気賀,1973-03-01,非公開,,134,浜名区,,
市指定,有形,絵画,絹本著色引佐細江澪標図（内山真龍筆）,個人,天竜区春野町堀之内,1974-10-14,非公開,,135,天竜区,,
市指定,有形,絵画,紙本淡彩神馬図（丙午（弘化三年）の記がある，大久保一丘筆）,井伊谷宮,浜名区引佐町井伊谷,1977-04-09,条件付き公開,展示による,136,浜名区,,
市指定,有形,絵画,紙本墨画布袋図（白隠慧鶴筆）,方広寺,浜名区引佐町奥山,1977-04-09,条件付き公開,展示状況による,137,浜名区,,
市指定,有形,絵画,板地著色牡丹菊花図（藤玄谷筆）,瑞雲院,天竜区春野町堀之内,1977-12-22,非公開,,138,天竜区,,
市指定,有形,絵画,紙本墨画山水図（藤玄谷筆）,個人,天竜区春野町堀之内,1977-12-22,非公開,,139,天竜区,,
市指定,有形,絵画,紙本著色梅鶯図（酒井抱一筆）,個人,天竜区春野町堀之内,1977-12-22,非公開,,140,天竜区,,
市指定,有形,絵画,紙本著色雪松小禽図（町野笠澤筆）,個人,天竜区春野町堀之内,1977-12-22,非公開,,141,天竜区,,
市指定,有形,絵画,紙本著色法源禅師像,宝林寺,浜名区細江町中川,1980-01-01,条件付き公開,展示状況による,142,浜名区,,
市指定,有形,絵画,紙本著色東海道西海船路図,個人,浜名区細江町気賀,1980-01-01,非公開,,143,浜名区,,
市指定,有形,絵画,細字法華経日蓮像,個人,浜名区細江町気賀,1980-01-01,非公開,,144,浜名区,,
市指定,有形,絵画,板地著色二十四孝図（元禄六年七月奉納の記がある）,庚申寺,浜名区宮口,1982-05-22,非公開,,145,浜名区,,
市指定,有形,絵画,絹本著色寿老人花鳥図（狩野常信筆）,善住寺,天竜区水窪町地頭方,1982-09-17,非公開,,146,天竜区,,
市指定,有形,絵画,絹本著色両界曼荼羅図,大福寺,浜名区三ヶ日町福長,1984-11-19,条件付き公開,展示状況による,147,浜名区,,
市指定,有形,絵画,絹本著色地蔵菩薩像（霊仲の賛がある）,華蔵寺,浜名区三ヶ日町日比沢,1987-09-22,非公開,,148,浜名区,,
市指定,有形,絵画,慈眼寺庚申堂天井板絵,金剛寺,浜名区三ヶ日町駒場,1992-06-18,非公開,,149,浜名区,,
市指定,有形,絵画,絹本著色釈迦十六善神像,洞泉寺,天竜区大谷,1994-03-29,非公開,,150,天竜区,,
市指定,有形,絵画,紙本著色春鶯囀図（野島青茲筆）,浜松市,浜名区細江町気賀,2004-03-15,条件付き公開,展示状況による（浜松市姫街道と銅鐸の歴史民俗資料館）,151,浜名区,,
市指定,有形,彫刻,木造毘沙門天立像,毘沙門寺,中央区石原町,1960-08-25,非公開,,152,中央区,,
市指定,有形,彫刻,木造吉祥天女立像（木喰五行作）,方広寺,浜名区引佐町奥山,1962-01-05,条件付き公開,展示状況による,153,浜名区,,
市指定,有形,彫刻,木造准胝観音立像（木喰五行作）,方広寺,浜名区引佐町奥山,1962-01-05,条件付き公開,展示状況による,154,浜名区,,
市指定,有形,彫刻,木造子安観音立像（木喰五行作）,方広寺,浜名区引佐町奥山,1962-01-05,条件付き公開,展示状況による,155,浜名区,,
市指定,有形,彫刻,木造木喰五行坐像（木喰五行作）,浜松市,中央区蜆塚四丁目,1964-11-11,条件付き公開,展示状況による（浜松市博物館）,156,中央区,,
市指定,有形,彫刻,木造馬頭観音立像,西大山教会,中央区大山町,1965-03-12,非公開,,157,中央区,,
市指定,有形,彫刻,木造不動明王立像,西大山教会,中央区大山町,1965-03-12,非公開,,158,中央区,,
市指定,有形,彫刻,木造毘沙門天立像,西大山教会,中央区大山町,1965-03-12,非公開,,159,中央区,,
市指定,有形,彫刻,木造大日如来坐像、木造天部立像,大円寺,浜名区細江町気賀,1966-01-27,非公開,,160,浜名区,,
市指定,有形,彫刻,木造大黒天半跏像（木喰五行作）,個人,浜名区引佐町狩宿,1966-02-21,非公開,,161,浜名区,,
市指定,有形,彫刻,木造如意輪観音坐像（木喰五行作）,個人,浜名区引佐町狩宿,1966-02-21,非公開,,162,浜名区,,
市指定,有形,彫刻,木造大日如来坐像（木喰五行作）,個人,浜名区引佐町井伊谷,1966-02-21,非公開,,163,浜名区,,
市指定,有形,彫刻,木造聖観音坐像（木喰五行作）,個人,浜名区引佐町狩宿,1966-02-21,非公開,,164,浜名区,,
市指定,有形,彫刻,木造十一面観音立像（木喰五行作）,個人,浜名区引佐町奥山,1966-02-21,非公開,,165,浜名区,,
市指定,有形,彫刻,木造十王坐像（木喰五行作）,寿龍院,浜名区引佐町井伊谷,1966-02-21,条件付き公開,展示状況による（浜松市地域遺産センター）,166,浜名区,,
市指定,有形,彫刻,木造葬頭河婆半跏像（木喰五行作）,寿龍院,浜名区引佐町井伊谷,1966-02-21,条件付き公開,展示状況による（浜松市地域遺産センター）,167,浜名区,,
市指定,有形,彫刻,木造如意輪観音半跏像（木喰五行作）,個人,浜名区引佐町奥山,1966-02-21,非公開,,168,浜名区,,
市指定,有形,彫刻,木造阿弥陀如来立像　附　像内納入品,法蔵寺,中央区白羽町,1966-11-15,非公開,,169,中央区,,
市指定,有形,彫刻,木造馬頭観音坐像,長楽寺,浜名区細江町気賀,1968-11-25,公開,,170,浜名区,,
市指定,有形,彫刻,木造大日如来坐像,華蔵寺,浜名区三ヶ日町日比沢,1969-02-14,非公開,,171,浜名区,,
市指定,有形,彫刻,木造阿弥陀如来坐像,華蔵寺,浜名区三ヶ日町日比沢,1969-02-14,非公開,,172,浜名区,,
市指定,有形,彫刻,能面（能面翁、能面小面、能面飛出）,大福寺,浜名区三ヶ日町福長,1969-02-14,条件付き公開,展示状況による,173,浜名区,,
市指定,有形,彫刻,木造薬師如来坐像,龍谷寺,中央区飯田町,1970-07-20,非公開,,174,中央区,,
市指定,有形,彫刻,木造十王坐像（木喰五行作）,徳泉寺,浜名区堀谷,1970-12-23,公開,,175,浜名区,,
市指定,有形,彫刻,木造葬頭河婆半跏像（木喰五行作）,徳泉寺,浜名区堀谷,1970-12-23,公開,,176,浜名区,,
市指定,有形,彫刻,木造天部立像,個人,浜名区細江町気賀,1972-04-14,非公開,,177,浜名区,,
市指定,有形,彫刻,木造十一面観音立像,伊平自治会,浜名区引佐町伊平,1975-10-22,非公開,,178,浜名区,,
市指定,有形,彫刻,木造阿弥陀如来坐像,個人,浜名区細江町中川,1976-07-01,非公開,,179,浜名区,,
市指定,有形,彫刻,厨子入金銅十一面観音立像（兜前立）,井伊谷宮,浜名区引佐町井伊谷,1977-04-09,条件付き公開,展示状況による,180,浜名区,,
市指定,有形,彫刻,厨子入金銅苦行釈迦像,方広寺,浜名区引佐町奥山,1977-04-09,条件付き公開,展示状況による,181,浜名区,,
市指定,有形,彫刻,木造聖観音立像,両光寺,中央区富塚町,1977-04-14,非公開,,182,中央区,,
市指定,有形,彫刻,木造大日如来坐像,6区大日堂,浜名区引佐町井伊谷,1977-04-19,非公開,,183,浜名区,,
市指定,有形,彫刻,木造大日如来坐像,林慶寺,浜名区滝沢町,1979-07-17,非公開,,184,浜名区,,
市指定,有形,彫刻,古面（古面鬼神、小面乙、小面姥）,個人,中央区雄踏町宇布見,1980-03-17,非公開,,185,中央区,,
市指定,有形,彫刻,古面福,個人,浜名区細江町中川,1981-01-01,非公開,,186,浜名区,,
市指定,有形,彫刻,木造阿弥陀如来坐像　附　像内納入品,個人,浜名区細江町気賀,1981-01-01,非公開,,187,浜名区,,
市指定,有形,彫刻,木魚,個人,浜名区細江町気賀,1981-01-01,非公開,,188,浜名区,,
市指定,有形,彫刻,木造地蔵菩薩立像、木造千体地蔵菩薩立像,長徳寺,浜名区細江町広岡,1981-01-01,非公開,,189,浜名区,,
市指定,有形,彫刻,木造地蔵菩薩立像,個人,天竜区春野町長蔵寺,1982-03-31,非公開,,190,天竜区,,
市指定,有形,彫刻,木造聖観音坐像,秋葉寺,天竜区春野町領家,1982-03-31,非公開,,191,天竜区,,
市指定,有形,彫刻,木造十一面観音立像,秋葉寺,天竜区春野町領家,1982-03-31,非公開,,192,天竜区,,
市指定,有形,彫刻,木造伝勝軍地蔵立像,秋葉寺,天竜区春野町領家,1982-03-31,非公開,,193,天竜区,,
市指定,有形,彫刻,木造四天王立像,秋葉寺,天竜区春野町領家,1982-03-31,非公開,,194,天竜区,,
市指定,有形,彫刻,木造男神坐像、木造男神立像,小国神社,天竜区春野町杉,1983-03-08,非公開,,195,天竜区,,
市指定,有形,彫刻,木造阿弥陀如来坐像,玖延寺,天竜区二俣町阿蔵,1984-01-23,非公開,,196,天竜区,,
市指定,有形,彫刻,木造薬師如来坐像,長月寺,天竜区長沢,1984-11-13,非公開,,197,天竜区,,
市指定,有形,彫刻,木造阿弥陀如来坐像,宇志自治会,浜名区三ヶ日町宇志,1993-04-21,非公開,,198,浜名区,,
市指定,有形,彫刻,木造男神立像,細江神社,浜名区細江町気賀,1998-04-14,非公開,,199,浜名区,,
市指定,有形,彫刻,木造男神立像,細江神社,浜名区細江町気賀,1998-04-14,非公開,,200,浜名区,,
市指定,有形,彫刻,木造牛頭天王立像,細江神社,浜名区細江町気賀,1998-04-14,非公開,,201,浜名区,,
市指定,有形,彫刻,木造牛頭天王立像,細江神社,浜名区細江町気賀,1998-04-14,非公開,,202,浜名区,,
市指定,有形,彫刻,木造薬師如来立像,玖延寺,天竜区二俣町阿蔵,1998-09-25,非公開,,203,天竜区,,
市指定,有形,彫刻,木造薬師如来坐像,個人,天竜区水窪町奥領家,2004-10-19,非公開,,204,天竜区,,
市指定,有形,彫刻,木造阿弥陀如来坐像,龍雲寺,中央区入野町,2009-03-02,非公開,,205,中央区,,
市指定,有形,工芸品,横笛（伝青葉の笛）,寺野六所神社,浜名区引佐町渋川,1962-01-05,非公開,,206,浜名区,,
市指定,有形,工芸品,鰐口（文永五年十二月の銘がある）,浜松市,中央区蜆塚四丁目,1964-11-11,条件付き公開,展示状況による（浜松市博物館）,207,中央区,,
市指定,有形,工芸品,金銅装厨子,西大山教会,中央区大山町,1965-03-12,非公開,,208,中央区,,
市指定,有形,工芸品,短刀　銘近藤用和作,個人,浜名区細江町気賀,1966-01-27,非公開,,209,浜名区,,
市指定,有形,工芸品,鰐口（永享八年十一月の銘がある）,個人,天竜区春野町田河内,1966-12-26,非公開,,210,天竜区,,
市指定,有形,工芸品,鰐口（大永八年八月の銘がある）,6区大日堂,浜名区引佐町井伊谷,1972-11-28,非公開,,211,浜名区,,
市指定,有形,工芸品,鰐口（延文二年九月の銘がある）,富幕観音堂,浜名区引佐町奥山,1972-11-28,非公開,,212,浜名区,,
市指定,有形,工芸品,鰐口（文安四年壬二月の銘がある）,川名薬師堂,浜名区引佐町川名,1972-11-28,非公開,,213,浜名区,,
市指定,有形,工芸品,鰐口（永享二年三月の銘、天文八年九月の追銘がある）,個人,浜名区引佐町渋川,1972-11-28,非公開,,214,浜名区,,
市指定,有形,工芸品,太刀　附　糸巻太刀拵,個人,浜名区細江町小野,1973-03-01,非公開,,215,浜名区,,
市指定,有形,工芸品,鰐口（永正十五年六月の銘がある）,阿寺六所神社,天竜区大谷,1976-05-20,非公開,,216,天竜区,,
市指定,有形,工芸品,鉄製轡　銘藤原宗春作,井伊谷宮,浜名区引佐町井伊谷,1977-04-09,条件付き公開,展示状況による,217,浜名区,,
市指定,有形,工芸品,禾目天目茶碗,龍潭寺,浜名区引佐町井伊谷,1977-04-09,条件付き公開,展示状況による,218,浜名区,,
市指定,有形,工芸品,太刀　無銘伝舞草　伝宗良親王佩刀,井伊谷宮,東京都台東区,1977-04-09,条件付き公開,展示状況による（東京国立博物館）,219,,,
市指定,有形,工芸品,短刀　附　白井嘉十郎宛書簡,個人,浜名区細江町中川,1980-01-01,非公開,,220,浜名区,,
市指定,有形,工芸品,脇差　銘近藤用和作,藺草神社,浜名区細江町気賀,1981-01-01,非公開,,221,浜名区,,
市指定,有形,工芸品,鰐口（応永十四年六月、応仁三年六月の追銘がある）,浜松市,中央区蜆塚四丁目,1982-09-17,条件付き公開,展示状況による（浜松市博物館）,222,中央区,,
市指定,有形,工芸品,鏝絵楊貴妃額（平出宇蔵作）,永福寺,天竜区水窪町奥領家,1982-09-17,非公開,,223,天竜区,,
市指定,有形,工芸品,鰐口（寛正六年二月の銘がある）,胡桃平自治会,天竜区春野町宮川,1983-03-08,非公開,,224,天竜区,,
市指定,有形,工芸品,籬双雀鏡,只木神明宮,浜名区三ヶ日町只木,1984-11-19,非公開,,225,浜名区,,
市指定,有形,工芸品,只木神明宮鏡像及び懸仏,只木神明宮,浜名区三ヶ日町只木,1984-11-19,非公開,,226,浜名区,,
市指定,有形,工芸品,鰐口（永禄十年霜月の銘がある）,個人,天竜区水窪町奥領家,1986-02-14,非公開,,227,天竜区,,
市指定,有形,工芸品,鰐口（文明三年極月の銘がある）,八剣池神社　他,天竜区水窪町地頭方,1988-03-09,非公開,,228,天竜区,,
市指定,有形,工芸品,横山八幡神社懸仏,横山八幡神社,天竜区大谷,1995-03-29,非公開,,229,天竜区,,
市指定,有形,工芸品,金銅装神輿,岐佐神社,中央区舞阪町舞阪,2001-08-30,公開,,230,中央区,,
市指定,有形,工芸品,瑞花双鳥八稜鏡,浜松市,中央区蜆塚四丁目,2001-12-19,条件付き公開,展示状況による（浜松市博物館）,231,中央区,,
市指定,有形,工芸品,鰐口（永享十三年十一月の銘がある）,個人,天竜区水窪町地頭方,2001-12-19,非公開,,232,天竜区,,
市指定,有形,工芸品,鰐口（応安二年二月の銘、寛正三年小春、明治拾五年、昭和七年葉月の追銘がある）,峯熊阿弥陀堂,天竜区大谷,2003-07-01,非公開,,233,天竜区,,
市指定,有形,工芸品,鰐口（長禄二年十二月の銘がある）,西神沢六所神社,天竜区大谷,2003-07-01,非公開,,234,天竜区,,
市指定,有形,工芸品,鰐口（延徳二年十一月の銘がある）,小川若宮八幡神社,天竜区大谷,2003-07-01,非公開,,235,天竜区,,
市指定,有形,工芸品,鰐口（永禄十一年二月の銘がある）,大谷宇佐八幡神社,天竜区大谷,2003-07-01,非公開,,236,天竜区,,
市指定,有形,工芸品,半島庚申祠壁面鏝絵（平出宇蔵作）,水窪自治区,天竜区水窪町奥領家,2004-10-19,非公開,,237,天竜区,,
市指定,有形,工芸品,鰐口（至徳二年十月の銘がある）,浜松市,中央区蜆塚四丁目,2005-05-25,条件付き公開,展示状況による（浜松市博物館）,238,中央区,,
市指定,有形,書跡,紙本墨書辞世和歌（内山真龍筆）,個人,天竜区大谷,1961-12-01,非公開,,239,天竜区,,
市指定,有形,書跡,白隠慧鶴墨跡（百寿字）,方広寺,浜名区引佐町奥山,1962-01-05,条件付き公開,展示状況による,240,浜名区,,
市指定,有形,書跡,観音山額（法源禅師筆）,清水寺,浜名区引佐町井伊谷,1962-11-10,非公開,,241,浜名区,,
市指定,有形,書跡,紙本墨書日課念仏（伝徳川家康筆）,浜松市,中央区蜆塚四丁目,1964-08-18,条件付き公開,展示状況による（浜松市博物館）,242,中央区,,
市指定,有形,書跡,木喰五行墨跡（仁義禮知心信至）,個人,中央区有玉台二丁目,1970-12-23,非公開,,243,中央区,,
市指定,有形,書跡,紙本墨書古今集仮名序抜書（賀茂真淵筆）,浜松市,中央区松城町,1971-11-12,条件付き公開,展示状況による（浜松市中央図書館）,244,中央区,,
市指定,有形,書跡,紙本墨書和歌（賀茂真淵筆）,浜松市,中央区松城町,1971-11-12,条件付き公開,展示状況による（浜松市中央図書館）,245,中央区,,
市指定,有形,書跡,紙本墨書植田七三郎宛書簡（賀茂真淵筆）,浜松市,中央区松城町,1971-11-12,条件付き公開,展示状況による（浜松市中央図書館）,246,中央区,,
市指定,有形,書跡,賀茂真淵書簡集（巻末に梅谷真滋の書簡がある）,浜松市,中央区松城町,1971-11-12,条件付き公開,展示状況による（浜松市中央図書館）,247,中央区,,
市指定,有形,書跡,紙本墨書植田喜右衛門同七三郎宛書簡（賀茂真淵筆）,浜松市,中央区東伊場一丁目,1971-11-12,条件付き公開,展示状況による（浜松市立賀茂真淵記念館）,248,中央区,,
市指定,有形,書跡,絹本墨書詩経抜書（菅原道真の署名がある）,個人,天竜区春野町川上,1974-10-14,非公開,,249,天竜区,,
市指定,有形,書跡,紙本墨書任超上人七十賀和歌（内山真龍筆）,個人,天竜区春野町堀之内,1974-10-14,非公開,,250,天竜区,,
市指定,有形,書跡,木喰五行墨跡（寛政十一年の記がある）,個人,浜名区細江町気賀,1976-07-01,非公開,,251,浜名区,,
市指定,有形,書跡,紙本墨書新古今集断簡（伝宗良親王筆）,井伊谷宮,浜名区引佐町井伊谷,1977-04-09,条件付き公開,展示状況による,252,浜名区,,
市指定,有形,書跡,無文元選墨跡（七言絶句）,方広寺,浜名区引佐町奥山,1977-04-09,条件付き公開,展示状況による,253,浜名区,,
市指定,有形,書跡,紙本墨書詩句（山岡鉄舟筆）,方広寺,浜名区引佐町奥山,1977-04-09,条件付き公開,展示状況による,254,浜名区,,
市指定,有形,書跡,紙本墨書捨遺集断簡（伝後醍醐天皇筆）,方広寺,浜名区引佐町奥山,1977-04-09,条件付き公開,展示状況による,255,浜名区,,
市指定,有形,書跡,北野元峰墨跡（心有天地春）,個人,天竜区春野町川上,1977-12-22,非公開,,256,天竜区,,
市指定,有形,書跡,北野元峰墨跡（日々是好日）,個人,天竜区春野町川上,1977-12-22,非公開,,257,天竜区,,
市指定,有形,書跡,紙本墨書歓哉二字（近藤用和筆）,浜松市,浜名区細江町気賀,1980-01-01,条件付き公開,展示状況による（浜松市姫街道と銅鐸の歴史民俗資料館）,258,浜名区,,
市指定,有形,書跡,風外慧薫墨跡（三社託宣）,個人,浜名区細江町気賀,1981-01-01,非公開,,259,浜名区,,
市指定,有形,書跡,近藤用恒夫妻詩歌,個人,浜名区細江町気賀,1987-03-10,非公開,,260,浜名区,,
市指定,有形,書跡,紙本墨書梅谷真滋宛書簡（賀茂真淵筆）,浜松市,中央区東伊場一丁目,1991-07-10,条件付き公開,展示状況による（浜松市立賀茂真淵記念館）,261,中央区,,
市指定,有形,書跡,紙本墨書和歌懐紙（賀茂真淵筆）,浜松市,中央区東伊場一丁目,1991-07-10,条件付き公開,展示状況による（浜松市立賀茂真淵記念館）,262,中央区,,
市指定,有形,書跡,紙本墨書和歌詠草（賀茂真淵筆）,浜松市,中央区東伊場一丁目,1991-07-10,条件付き公開,展示状況による（浜松市立賀茂真淵記念館）,263,中央区,,
市指定,有形,書跡,紙本墨書歌文（賀茂真淵筆）,浜松市,中央区東伊場一丁目,1991-07-10,条件付き公開,展示状況による（浜松市立賀茂真淵記念館）,264,中央区,,
市指定,有形,書跡,紙本墨書岡部定重宛書簡（賀茂真淵筆）,浜松市,中央区東伊場一丁目,1991-07-10,条件付き公開,展示状況による（浜松市立賀茂真淵記念館）,265,中央区,,
市指定,有形,書跡,五部大乗経,洞泉寺,天竜区大谷,1996-11-28,非公開,,266,天竜区,,
市指定,有形,典籍,浜名記（上中下）,個人,浜名区三ヶ日町都筑,1969-02-14,非公開,,267,浜名区,,
市指定,有形,典籍,出雲日記（内山真龍筆　本居宣長序）,浜松市,中央区松城町,1970-07-20,条件付き公開,展示状況による（浜松市中央図書館）,268,中央区,,
市指定,有形,典籍,宋版法華経（巻七）,方広寺,浜名区引佐町奥山,1977-04-09,条件付き公開,展示状況による,269,浜名区,,
市指定,有形,典籍,紙本墨書大般若経,龍翔寺,浜名区引佐町的場,1990-03-01,非公開,,270,浜名区,,
市指定,有形,古文書,宗源院文書,宗源院,中央区蜆塚一丁目,1971-11-12,非公開,,271,中央区,,
市指定,有形,古文書,紙本墨書天野家旧蔵証文写,個人,天竜区春野町堀之内,1974-10-14,非公開,,272,天竜区,,
市指定,有形,古文書,中村家文書,個人,中央区蜆塚四丁目,1980-03-17,条件付き公開,展示状況による（浜松市博物館）,273,中央区,,
市指定,有形,古文書,息神社棟札,息神社,中央区雄踏町宇布見,1980-03-17,非公開,,274,中央区,,
市指定,有形,古文書,清庵宗徹贈如然禅師諡号勅書,安寧寺,中央区雄踏町山崎,1980-03-17,非公開,,275,中央区,,
市指定,有形,古文書,蜂前神社文書,蜂前神社,浜名区細江町気賀,1981-01-01,非公開,,276,浜名区,,
市指定,有形,古文書,寿量院文書,寿量院,中央区蜆塚四丁目,1981-08-26,条件付き公開,展示状況による（浜松市博物館）,277,中央区,,
市指定,有形,古文書,舞坂宿問屋場御用留,浜松市,中央区蜆塚四丁目,1984-03-27,条件付き公開,展示状況による（浜松市博物館）,278,中央区,,
市指定,有形,古文書,中村家文書,浜松市,天竜区大谷,1984-11-13,条件付き公開,展示状況による（内山真龍資料館）,279,天竜区,,
市指定,有形,古文書,紙本墨書金子請取覚書（天正十六年の記がある　徳川家康筆）,浜松市,中央区蜆塚四丁目,1986-07-08,条件付き公開,展示状況による（浜松市博物館）,280,中央区,,
市指定,有形,古文書,妙恩寺文書,妙恩寺,中央区天龍川町,1986-07-08,非公開,,281,中央区,,
市指定,有形,古文書,片桐家文書,個人,天竜区水窪町奥領家,1997-09-11,非公開,,282,天竜区,,
市指定,有形,古文書,舞坂宿祭礼入用帳,浜松市,中央区舞阪町舞阪,2001-08-30,条件付き公開,展示状況による（浜松市舞阪郷土資料館）,283,中央区,,
市指定,有形,古文書,田代家文書,浜松市,天竜区大谷,2001-11-27,条件付き公開,,284,天竜区,,
市指定,有形,古文書,木地師免許状、木地師免許状縁起,個人,天竜区水窪町奥領家,2004-10-19,非公開,,285,天竜区,,
市指定,有形,古文書,木船新田村和泉屋取引帳,浜松市,中央区蜆塚四丁目,2005-03-24,条件付き公開,展示状況による（浜松市博物館）,286,中央区,,
市指定,有形,古文書,三省録、続三省録,浜松市,中央区蜆塚四丁目,2005-03-24,条件付き公開,展示状況による（浜松市博物館）,287,中央区,,
市指定,有形,古文書,今川義元寺領安堵状,摩訶耶寺,浜名区三ヶ日町摩訶耶,2005-04-19,条件付き公開,展示状況による,288,浜名区,,
市指定,有形,古文書,遠江国浜名古代領主記,個人,浜名区三ヶ日町都筑,2005-04-19,非公開,,289,浜名区,,
市指定,有形,考古資料,摩訶耶寺出土品（灰釉袈裟襷紋広口壷　灰釉蓮弁紋広口壷）,浜松市,浜名区細江町気賀,1984-11-19,条件付き公開,展示状況による（浜松市姫街道と銅鐸の歴史民俗資料館）,290,浜名区,,
市指定,有形,考古資料,灰釉広口壷（三ヶ日町只木出土）,浜松市,浜名区細江町気賀,1984-11-19,条件付き公開,展示状況による（浜松市姫街道と銅鐸の歴史民俗資料館）,291,浜名区,,
市指定,有形,考古資料,白石山遺跡出土品（壺形土器　鉢形土器）,浜松市,中央区舞阪町舞阪,1985-12-02,条件付き公開,展示状況による（浜松市舞阪郷土資料館）,292,中央区,,
市指定,有形,考古資料,弁天島遺跡出土品（井戸枠）,浜松市,中央区舞阪町舞阪,1985-12-02,条件付き公開,展示状況による（浜松市舞阪郷土資料館）,293,中央区,,
市指定,有形,考古資料,袈裟襷文銅鐸（中川滝峯穴の谷出土）,浜松市,浜名区細江町気賀,1993-03-26,条件付き公開,展示状況による（浜松市姫街道と銅鐸の歴史民俗資料館）,294,浜名区,,
市指定,有形,考古資料,中の甲遺跡出土品（埋納銭　陶器残片）,浜松市,中央区蜆塚四丁目,2005-04-19,条件付き公開,展示状況による（浜松市博物館）,295,中央区,,
市指定,有形,考古資料,家形土器（鳥居松遺跡出土）,浜松市,中央区蜆塚四丁目,2005-10-19,条件付き公開,展示状況による（浜松市博物館）,296,中央区,,
市指定,有形,考古資料,袈裟襷文銅鐸（中川滝峯七曲り出土）,浜松市,浜名区細江町気賀,2020-03-24,条件付き公開,展示状況による（浜松市姫街道と銅鐸の歴史民俗資料館）,297,浜名区,,
市指定,有形,考古資料,袈裟襷文銅鐸（中川不動平出土）,浜松市,浜名区細江町気賀,2020-03-24,条件付き公開,展示状況による（浜松市姫街道と銅鐸の歴史民俗資料館）,298,浜名区,,
市指定,有形,歴史資料,白瀬矗南極探検関係資料,個人,浜名区細江町中川,1968-11-25,非公開,,299,浜名区,,
市指定,有形,歴史資料,七科約説,浜松市,中央区松城町,1970-07-20,条件付き公開,展示状況による（浜松市中央図書館）,300,中央区,,
市指定,有形,歴史資料,探検世界、成功,個人,浜名区細江町中川,1980-01-01,非公開,,301,浜名区,,
市指定,有形,歴史資料,遠州報国隊関係資料（陣羽織他）,個人,浜名区細江町中川,1981-01-01,非公開,,302,浜名区,,
市指定,有形,歴史資料,遠州報国隊関係資料（大刀他）,浜松市,浜名区細江町気賀,1981-01-01,条件付き公開,展示状況による（浜松市姫街道と銅鐸の歴史民俗資料館）,303,浜名区,,
市指定,有形,歴史資料,片山家関係資料,浜松市,天竜区春野町宮川,1983-03-08,条件付き公開,展示状況による（春野歴史民俗資料館）,304,天竜区,,
市指定,民俗,有形,初生衣神社織殿　附　神庫　古式織具,初生衣神社,浜名区三ヶ日町岡本,1969-02-14,条件付き公開,外観のみ,305,浜名区,,
市指定,民俗,有形,小国神社の瓶子,小国神社,天竜区春野町宮川,1973-02-27,条件付き公開,展示状況による（春野歴史民俗資料館）,306,天竜区,,
市指定,民俗,有形,日入沢の道祖神,下平山日入沢小保,天竜区龍山町下平山,1975-10-01,公開,,307,天竜区,,
市指定,民俗,有形,秋葉街道貴布祢の道標,浜松市,浜名区貴布祢,1982-05-22,公開,,308,浜名区,,
市指定,民俗,有形,田楽面,個人,天竜区水窪町奥領家,1982-09-17,非公開,,309,天竜区,,
市指定,民俗,有形,木地屋の墓,浜松市,天竜区水窪町奥領家,1986-02-14,公開,,310,天竜区,,
市指定,民俗,有形,上村の庚申像,上村自治区,天竜区水窪町地頭方,1986-02-14,条件付き公開,堂内,311,天竜区,,
市指定,民俗,有形,田楽面及び祭具,横山八幡神社,天竜区大谷,1995-03-29,非公開,,312,天竜区,,
市指定,民俗,有形,東林寺の庚申塔,東林寺,浜名区細江町気賀,1998-04-14,条件付き公開,庚申堂内,313,浜名区,,
市指定,民俗,有形,服部正信並びに友清能楽関係資料,岡本自治会,浜名区三ヶ日町三ヶ日,2005-04-19,非公開,,314,浜名区,,
市指定,民俗,無形,勝坂神楽,同保存会,天竜区春野町豊岡,1966-12-26,条件付き公開,開催状況による,315,天竜区,,
市指定,民俗,無形,犬居つなん曳,犬居自治会（龍勢社）,天竜区春野町堀之内,1966-12-26,条件付き公開,開催状況による,316,天竜区,,
市指定,民俗,無形,遠州大念仏,同保存会,中央区鹿谷町,1972-03-01,条件付き公開,開催状況による,317,中央区,,
市指定,民俗,無形,妙功庵観音堂の百万遍念仏と念仏講,同保存会,浜名区細江町中川,1998-07-08,条件付き公開,開催状況による,318,浜名区,,
市指定,記念物,史跡,追分一里塚,浜松市,中央区葵東二丁目,1959-06-18,公開,,319,中央区,,
市指定,記念物,史跡,浜松城跡,浜松市,中央区元城町,1959-06-18,公開,,320,中央区,,
市指定,記念物,史跡,入野古墳,浜松市,中央区入野町,1959-06-18,公開,,321,中央区,,
市指定,記念物,史跡,米津台場,国,中央区新橋町,1959-06-18,公開,,322,中央区,,
市指定,記念物,史跡,姫街道の松並木,静岡県,中央区、中央区,1959-12-19,公開,,323,中央区,,
市指定,記念物,史跡,蛭子森古墳,浜松市,中央区豊町,1962-07-14,公開,,324,中央区,,
市指定,記念物,史跡,東大山一里塚,浜松市　他,中央区大山町、中央区三方原町,1963-07-11,公開,,325,中央区,,
市指定,記念物,史跡,篠ヶ嶺城跡,個人,天竜区春野町豊岡,1966-12-26,条件付き公開,私有地のため,326,天竜区,,
市指定,記念物,史跡,樽山城跡,個人,天竜区春野町田河内,1966-12-26,条件付き公開,私有地のため,327,天竜区,,
市指定,記念物,史跡,勝坂城跡,個人,天竜区春野町豊岡,1966-12-26,条件付き公開,私有地のため,328,天竜区,,
市指定,記念物,史跡,瑞雲院境内　附　天野家墓所,瑞雲院,天竜区春野町堀之内,1966-12-26,公開,,329,天竜区,,
市指定,記念物,史跡,麻舟山遺跡,個人,天竜区春野町気田,1966-12-26,条件付き公開,私有地のため,330,天竜区,,
市指定,記念物,史跡,里原遺跡,個人,天竜区春野町宮川,1966-12-26,条件付き公開,私有地のため,331,天竜区,,
市指定,記念物,史跡,御堂平遺跡,浜松市　他,天竜区春野町領家,1966-12-26,条件付き公開,一部私有地のため,332,天竜区,,
市指定,記念物,史跡,仇山古墳群,個人,天竜区春野町気田,1966-12-26,条件付き公開,私有地のため,333,天竜区,,
市指定,記念物,史跡,京丸牡丹谷,国,天竜区春野町小俣京丸,1966-12-26,非公開,,334,天竜区,,
市指定,記念物,史跡,大光寺境内,大光寺,天竜区春野町花島,1966-12-26,公開,,335,天竜区,,
市指定,記念物,史跡,宇志北大里遺跡,浜松市,浜名区三ヶ日町宇志,1969-02-14,公開,,336,浜名区,,
市指定,記念物,史跡,佐久城跡,浜松市,浜名区三ヶ日町都筑,1969-02-14,公開,,337,浜名区,,
市指定,記念物,史跡,伝橘逸勢墓,本坂自治会,浜名区三ヶ日町本坂,1969-02-14,公開,,338,浜名区,,
市指定,記念物,史跡,乎那の峯,個人,浜名区三ヶ日町鵺代,1970-11-25,条件付き公開,私有地のため,339,浜名区,,
市指定,記念物,史跡,天宝堤,個人,浜名区道本,1970-12-23,公開,,340,浜名区,,
市指定,記念物,史跡,東海道の松並木,静岡県,中央区舞阪町,1972-04-01,公開,,341,中央区,,
市指定,記念物,史跡,舞坂見付,浜松市,中央区舞阪町舞阪,1972-04-01,公開,,342,中央区,,
市指定,記念物,史跡,岡の平遺跡,個人,浜名区細江町中川,1972-04-14,条件付き公開,私有地のため,343,浜名区,,
市指定,記念物,史跡,伝堀川城跡,浜松市,浜名区細江町気賀,1972-04-14,公開,,344,浜名区,,
市指定,記念物,史跡,大平城跡,個人,浜名区大平,1972-08-30,条件付き公開,私有地のため,345,浜名区,,
市指定,記念物,史跡,幡教寺跡,国,浜名区三ヶ日町只木,1974-04-23,公開,,346,浜名区,,
市指定,記念物,史跡,今切渡し舞坂渡船場,国,中央区舞阪町舞阪,1974-05-01,公開,,347,中央区,,
市指定,記念物,史跡,塩沢遺跡,個人,天竜区春野町長蔵寺,1974-10-14,条件付き公開,私有地のため,348,天竜区,,
市指定,記念物,史跡,佐久米経塚,個人,浜名区三ヶ日町佐久米,1975-05-17,条件付き公開,私有地のため,349,浜名区,,
市指定,記念物,史跡,舞坂一里塚,浜松市,中央区舞阪町舞阪,1975-09-01,公開,,350,中央区,,
市指定,記念物,史跡,伝井伊共保出生井,龍潭寺,浜名区引佐町井伊谷,1977-04-19,公開,,351,浜名区,,
市指定,記念物,史跡,北岡大塚古墳,浜松市　他,浜名区引佐町井伊谷,1979-04-23,条件付き公開,墳丘上は立ち入り不可,352,浜名区,,
市指定,記念物,史跡,中村家屋敷地　附　胞衣塚,浜松市,中央区雄踏町宇布見,1980-03-17,条件付き公開,施設公開時間による,353,中央区,,
市指定,記念物,史跡,桂山遺跡,浜松市　他,天竜区水窪町奥領家,1980-08-06,条件付き公開,一部私有地のため,354,天竜区,,
市指定,記念物,史跡,宝平遺跡,個人,天竜区水窪町奥領家,1980-08-06,条件付き公開,私有地のため,355,天竜区,,
市指定,記念物,史跡,月夜平遺跡,浜松市　他,天竜区水窪町奥領家,1980-08-06,条件付き公開,一部私有地のため,356,天竜区,,
市指定,記念物,史跡,神原遺跡,浜松市,天竜区水窪町奥領家,1980-08-06,公開,,357,天竜区,,
市指定,記念物,史跡,上村遺跡,個人,天竜区水窪町地頭方,1980-08-06,条件付き公開,私有地のため,358,天竜区,,
市指定,記念物,史跡,向市場遺跡,個人,天竜区水窪町地頭方,1980-08-06,条件付き公開,私有地のため,359,天竜区,,
市指定,記念物,史跡,凌苔庵跡,国,浜名区三ヶ日町平山,1980-08-20,公開,,360,浜名区,,
市指定,記念物,史跡,愛宕平古墳,浜松市,浜名区三ヶ日町都筑,1980-08-20,公開,,361,浜名区,,
市指定,記念物,史跡,西山古墳,釣自治会,浜名区三ヶ日町釣,1980-08-20,公開,,362,浜名区,,
市指定,記念物,史跡,北岡2号墳,個人,浜名区引佐町井伊谷,1980-10-01,公開,,363,浜名区,,
市指定,記念物,史跡,高根城跡,浜松市,天竜区水窪町地頭方,1982-02-16,公開,,364,天竜区,,
市指定,記念物,史跡,恩塚山古墳,個人,浜名区都田町,1982-07-26,公開,,365,浜名区,,
市指定,記念物,史跡,馬場平古墳,個人,浜名区引佐町井伊谷,1983-05-25,条件付き公開,私有地のため,366,浜名区,,
市指定,記念物,史跡,旧高栖寺跡,個人,浜名区三ヶ日町大谷,1983-05-27,条件付き公開,私有地のため,367,浜名区,,
市指定,記念物,史跡,杉グミノサワ遺跡,個人,天竜区春野町杉,1984-03-01,条件付き公開,私有地のため,368,天竜区,,
市指定,記念物,史跡,井伊谷城跡,浜松市,浜名区引佐町井伊谷,1985-08-26,公開,,369,浜名区,,
市指定,記念物,史跡,興覚寺後古墳,興覚寺　他,浜名区宮口,1986-06-04,公開,,370,浜名区,,
市指定,記念物,史跡,白山1号墳,白山神社,浜名区引佐町井伊谷,1988-08-22,公開,,371,浜名区,,
市指定,記念物,史跡,火穴古墳,浜松市,中央区深萩町,1989-02-01,公開,,372,中央区,,
市指定,記念物,史跡,大屋敷5号窯跡,宮口六所神社,浜名区宮口,1990-03-31,条件付き公開,施設開放時間による,373,浜名区,,
市指定,記念物,史跡,片山竹茂墓,個人,浜名区三ヶ日町宇志,1991-04-16,条件付き公開,私有地のため,374,浜名区,,
市指定,記念物,史跡,本坂一里塚,浜松市,浜名区三ヶ日町本坂,1992-03-06,公開,,375,浜名区,,
市指定,記念物,史跡,見徳古墳,浜松市,浜名区都田町,1992-03-10,公開,,376,浜名区,,
市指定,記念物,史跡,ヒラシロ遺跡,浜松市,天竜区熊,1992-03-27,公開,,377,天竜区,,
市指定,記念物,史跡,向野古墳,静岡県,浜名区根堅,1994-01-01,条件付き公開,施設開放時間による,378,浜名区,,
市指定,記念物,史跡,堀ノ内城山城跡,個人,天竜区春野町堀之内,2004-03-25,条件付き公開,私有地のため,379,天竜区,,
市指定,記念物,史跡,平尾城跡,個人,天竜区春野町堀之内,2004-03-25,条件付き公開,私有地のため,380,天竜区,,
市指定,記念物,史跡,郷ケ平4号墳,浜松市,浜名区都田町,2005-10-19,公開,,381,浜名区,,
市指定,記念物,史跡,稲荷山古墳,浜松市,浜名区内野,2010-03-30,公開,,382,浜名区,,
市指定,記念物,史跡,宿蘆寺大澤家墓所,宿蘆寺,中央区庄内町,2012-11-30,公開,,383,中央区,,
市指定,記念物,史跡,住吉南古墳,浜松市,中央区住吉四丁目,2015-03-17,公開,,384,中央区,,
市指定,記念物,史跡,亀塚古墳,個人,中央区呉松町,2019-02-25,条件付き公開,私有地のため,385,中央区,,
市指定,記念物,名勝,龍頭山,静岡県,天竜区春野町豊岡,1966-12-26,公開,,386,天竜区,,
市指定,記念物,名勝,新宮池,新宮神社,天竜区春野町和泉平,1966-12-26,公開,,387,天竜区,,
市指定,記念物,名勝,樽山の滝,個人,天竜区春野町田河内,1966-12-26,条件付き公開,私有地のため,388,天竜区,,
市指定,記念物,名勝,佐鳴湖,静岡県,中央区入野町,1967-08-17,公開,,389,中央区,,
市指定,記念物,天然記念物,鴨江の根上がりマツ,浜松市,中央区鴨江三丁目,1959-06-18,公開,,390,中央区,,
市指定,記念物,天然記念物,入野八幡神社のクス,入野八幡神社,中央区入野町,1959-12-19,公開,,391,中央区,,
市指定,記念物,天然記念物,妙相寺のイヌマキ,妙相寺,中央区志都呂町,1959-12-19,公開,,392,中央区,,
市指定,記念物,天然記念物,栄秀寺のイチョウ,栄秀寺,中央区領家二丁目,1962-10-01,公開,,393,中央区,,
市指定,記念物,天然記念物,西伝寺のイブキ,西伝寺,中央区西伝寺町,1962-10-01,公開,,394,中央区,,
市指定,記念物,天然記念物,気賀陣屋跡の江戸シイ,浜松市,浜名区細江町気賀,1966-01-27,公開,,395,浜名区,,
市指定,記念物,天然記念物,秋葉神社社叢,秋葉神社,天竜区春野町領家,1966-12-26,公開,,396,天竜区,,
市指定,記念物,天然記念物,渋川のボダイジュ,個人,浜名区引佐町渋川,1968-02-28,条件付き公開,私有地のため,397,浜名区,,
市指定,記念物,天然記念物,渋川のイチョウ,東光院,浜名区引佐町渋川,1968-03-01,公開,,398,浜名区,,
市指定,記念物,天然記念物,三島のイヌマキ,個人,中央区三島町,1973-09-11,条件付き公開,私有地のため,399,中央区,,
市指定,記念物,天然記念物,細江神社のクス,細江神社,浜名区細江町気賀,1974-05-01,公開,,400,浜名区,,
市指定,記念物,天然記念物,新原の大マキ,個人,浜名区新原,1974-11-20,条件付き公開,私有地のため,401,浜名区,,
市指定,記念物,天然記念物,瀬尻のアカヤシオ群落,個人,天竜区龍山町瀬尻,1976-02-01,条件付き公開,私有地のため,402,天竜区,,
市指定,記念物,天然記念物,花島のカヤ,個人,天竜区春野町花島,1976-03-13,条件付き公開,私有地のため,403,天竜区,,
市指定,記念物,天然記念物,ビンカ峠のイヌツゲ,個人,天竜区春野町川上,1976-03-13,条件付き公開,私有地のため,404,天竜区,,
市指定,記念物,天然記念物,郷島のイヌツゲ,個人,天竜区春野町気田,1977-03-09,条件付き公開,私有地のため,405,天竜区,,
市指定,記念物,天然記念物,金指のイヌマキ,個人,浜名区引佐町金指,1977-04-19,条件付き公開,私有地のため,406,浜名区,,
市指定,記念物,天然記念物,方広寺の半僧スギ,方広寺,浜名区引佐町奥山,1977-04-19,公開,,407,浜名区,,
市指定,記念物,天然記念物,西気賀のマンサク群落,個人,浜名区細江町気賀,1978-06-16,条件付き公開,私有地のため,408,浜名区,,
市指定,記念物,天然記念物,二宮神社のホルトノキ,二宮神社,浜名区細江町気賀,1978-06-16,公開,,409,浜名区,,
市指定,記念物,天然記念物,二宮神社のナギ,二宮神社,浜名区細江町気賀,1978-06-16,公開,,410,浜名区,,
市指定,記念物,天然記念物,気賀のイヌマキ,個人,浜名区細江町気賀,1980-01-01,条件付き公開,私有地のため,411,浜名区,,
市指定,記念物,天然記念物,屯倉水神社の大スギ,屯倉水神社,浜名区細江町気賀,1980-01-01,公開,,412,浜名区,,
市指定,記念物,天然記念物,伊目のナンテン,個人,浜名区細江町気賀,1980-01-01,条件付き公開,私有地のため,413,浜名区,,
市指定,記念物,天然記念物,気賀のハゼノキ,浜松市,浜名区細江町気賀,1980-01-01,公開,,414,浜名区,,
市指定,記念物,天然記念物,宇布見のイヌマキ,個人,中央区雄踏町宇布見,1980-03-17,条件付き公開,私有地のため,415,中央区,,
市指定,記念物,天然記念物,宝林寺のエンコウスギ,宝林寺,浜名区細江町中川,1981-01-01,公開,,416,浜名区,,
市指定,記念物,天然記念物,高瀬のニッケイ,個人,天竜区春野町宮川,1982-03-31,条件付き公開,私有地のため,417,天竜区,,
市指定,記念物,天然記念物,瑞雲院のイヌマキ,瑞雲院,天竜区春野町堀之内,1982-03-31,公開,,418,天竜区,,
市指定,記念物,天然記念物,南宮神社のイチイガシ,南宮神社,天竜区春野町気田,1982-03-31,公開,,419,天竜区,,
市指定,記念物,天然記念物,三田島のイチョウ,個人,天竜区春野町長蔵寺,1982-03-31,条件付き公開,私有地のため,420,天竜区,,
市指定,記念物,天然記念物,白山神社のクス,岩水寺,浜名区根堅,1986-06-04,公開,,421,浜名区,,
市指定,記念物,天然記念物,渡ヶ島諏訪神社社叢,渡ヶ島諏訪神社,天竜区渡ケ島,1987-09-21,公開,,422,天竜区,,
市指定,記念物,天然記念物,船明の二本スギ,船明自治会,天竜区船明,1987-09-21,公開,,423,天竜区,,
市指定,記念物,天然記念物,ギフチョウ,,浜名区引佐町、天竜区神沢,1990-02-27,公開,,424,浜名区,,
市指定,記念物,天然記念物,奥山のムクノキ,個人,浜名区引佐町奥山,1990-03-01,条件付き公開,私有地のため,425,浜名区,,
市指定,記念物,天然記念物,浜松海岸のアカウミガメ及びその産卵地,国,中央区，中央区,1990-03-10,公開,,426,中央区,,
市指定,記念物,天然記念物,玉洞寺のサザンカ,玉洞寺,浜名区三ヶ日町上尾奈,1996-04-19,公開,,427,浜名区,,
市指定,記念物,天然記念物,峯のタブノキ,個人,天竜区佐久間町佐久間,2000-06-19,条件付き公開,私有地のため,428,天竜区,,
市指定,記念物,天然記念物,吉沢のスギ,個人,天竜区佐久間町浦川,2002-07-19,条件付き公開,私有地のため,429,天竜区,,
市指定,記念物,天然記念物,馬背神社のスギ,馬背神社,天竜区佐久間町佐久間,2002-07-19,公開,,430,天竜区,,
市指定,記念物,天然記念物,明光寺のカヤ,明光寺,天竜区佐久間町大井,2002-07-19,公開,,431,天竜区,,
市指定,記念物,天然記念物,相月諏訪神社のスギ,相月諏訪神社,天竜区佐久間町相月,2002-07-19,公開,,432,天竜区,,
市指定,記念物,天然記念物,気賀のタチバナ,個人,浜名区細江町気賀,2004-03-15,条件付き公開,私有地のため,433,浜名区,,
国登録,有形,建造物,天竜浜名湖鉄道運転区休憩所,天竜浜名湖鉄道,天竜区二俣町阿蔵,1998-12-11,条件付き公開,イベント開催時,434,天竜区,,
国登録,有形,建造物,天竜浜名湖鉄道運転区浴場,天竜浜名湖鉄道,天竜区二俣町阿蔵,1998-12-11,条件付き公開,イベント開催時,435,天竜区,,
国登録,有形,建造物,天竜浜名湖鉄道運転区事務室,天竜浜名湖鉄道,天竜区二俣町阿蔵,1998-12-11,条件付き公開,イベント開催時,436,天竜区,,
国登録,有形,建造物,天竜浜名湖鉄道機関車扇形車庫,天竜浜名湖鉄道,天竜区二俣町阿蔵,1998-12-11,条件付き公開,イベント開催時,437,天竜区,,
国登録,有形,建造物,天竜浜名湖鉄道機関車転車台,天竜浜名湖鉄道,天竜区二俣町阿蔵,1998-12-11,条件付き公開,イベント開催時,438,天竜区,,
国登録,有形,建造物,凱旋紀念門,六所神社,浜名区引佐町渋川,2002-02-12,公開,,439,浜名区,,
国登録,有形,建造物,旧二俣町役場,浜松市,天竜区二俣町二俣,2003-01-31,公開,,440,天竜区,,
国登録,有形,建造物,竹山家住宅主屋,個人,中央区天王町,2005-11-10,非公開,,441,中央区,,
国登録,有形,建造物,天竜浜名湖鉄道都田川橋梁,天竜浜名湖鉄道,浜名区都田町,2011-01-26,公開,,442,浜名区,,
国登録,有形,建造物,天竜浜名湖鉄道瀬戸山橋梁,天竜浜名湖鉄道,浜名区都田町,2011-01-26,公開,,443,浜名区,,
国登録,有形,建造物,天竜浜名湖鉄道瀬戸橋梁,天竜浜名湖鉄道,浜名区細江町中川,2011-01-26,公開,,444,浜名区,,
国登録,有形,建造物,天竜浜名湖鉄道金指駅高架貯水槽,天竜浜名湖鉄道,浜名区引佐町金指,2011-01-26,公開,,445,浜名区,,
国登録,有形,建造物,天竜浜名湖鉄道金指駅上屋及びプラットホーム,天竜浜名湖鉄道,浜名区引佐町金指,2011-01-26,公開,,446,浜名区,,
国登録,有形,建造物,天竜浜名湖鉄道気賀町高架橋,天竜浜名湖鉄道,浜名区細江町気賀,2011-01-26,公開,,447,浜名区,,
国登録,有形,建造物,天竜浜名湖鉄道気賀駅上屋及びプラットホーム,天竜浜名湖鉄道,浜名区細江町気賀,2011-01-26,公開,,448,浜名区,,
国登録,有形,建造物,天竜浜名湖鉄道気賀駅本屋,天竜浜名湖鉄道,浜名区細江町気賀,2011-01-26,公開,,449,浜名区,,
国登録,有形,建造物,天竜浜名湖鉄道西気賀駅待合所,天竜浜名湖鉄道,浜名区細江町気賀,2011-01-26,公開,,450,浜名区,,
国登録,有形,建造物,天竜浜名湖鉄道西気賀駅本屋,天竜浜名湖鉄道,浜名区細江町気賀,2011-01-26,公開,,451,浜名区,,
国登録,有形,建造物,天竜浜名湖鉄道三ヶ日駅本屋,天竜浜名湖鉄道,浜名区三ヶ日町三ヶ日,2011-01-26,公開,,452,浜名区,,
国登録,有形,建造物,天竜浜名湖鉄道利木隧道,天竜浜名湖鉄道,浜名区三ヶ日町下尾奈（～湖西市）,2011-01-26,公開,乗車時に車内から見学可能,453,浜名区,,
国登録,有形,建造物,天竜浜名湖鉄道岩水寺駅待合所及びプラットホーム,天竜浜名湖鉄道,浜名区根堅,2011-01-26,公開,,454,浜名区,,
国登録,有形,建造物,天竜浜名湖鉄道宮口駅待合所及び上りプラットホーム,天竜浜名湖鉄道,浜名区宮口,2011-01-26,公開,,455,浜名区,,
国登録,有形,建造物,天竜浜名湖鉄道宮口駅本屋及び下りプラットホーム,天竜浜名湖鉄道,浜名区宮口,2011-01-26,公開,,456,浜名区,,
国登録,有形,建造物,天竜浜名湖鉄道運転区高架貯水槽,天竜浜名湖鉄道,天竜区二俣町阿蔵,2011-01-26,条件付き公開,イベント開催時,457,天竜区,,
国登録,有形,建造物,天竜浜名湖鉄道運転区揚水機室,天竜浜名湖鉄道,天竜区二俣町阿蔵,2011-01-26,条件付き公開,イベント開催時,458,天竜区,,
国登録,有形,建造物,天竜浜名湖鉄道天竜二俣駅下り上屋及びプラットホーム,天竜浜名湖鉄道,天竜区二俣町阿蔵,2011-01-26,公開,,459,天竜区,,
国登録,有形,建造物,天竜浜名湖鉄道天竜二俣駅上り上屋及びプラットホーム,天竜浜名湖鉄道,天竜区二俣町阿蔵,2011-01-26,公開,,460,天竜区,,
国登録,有形,建造物,天竜浜名湖鉄道天竜二俣駅本屋,天竜浜名湖鉄道,天竜区二俣町阿蔵,2011-01-26,公開,,461,天竜区,,
国登録,有形,建造物,天竜浜名湖鉄道二俣川橋梁,天竜浜名湖鉄道,天竜区二俣町二俣,2011-01-26,公開,,462,天竜区,,
国登録,有形,建造物,天竜浜名湖鉄道天竜川橋梁,天竜浜名湖鉄道,天竜区二俣町,2011-01-26,公開,,463,天竜区,,
国登録,有形,建造物,旧住吉浄水場正門,浜松市,中央区住吉五丁目,2012-02-23,公開,公道から見学可能,464,中央区,,
国登録,有形,建造物,旧住吉浄水場ポンプ室,浜松市,中央区住吉五丁目,2012-02-23,非公開,,465,中央区,,
国登録,有形,建造物,旧住吉浄水場直送ポンプ井,浜松市,中央区住吉五丁目,2012-02-23,非公開,,466,中央区,,
国登録,有形,建造物,旧住吉浄水場配水池,浜松市,中央区住吉五丁目,2012-02-23,非公開,,467,中央区,,
国登録,有形,建造物,旧住吉浄水場接合井,浜松市,中央区住吉五丁目,2012-02-23,非公開,,468,中央区,,
国登録,有形,建造物,旧住吉浄水場着水井,浜松市,中央区住吉五丁目,2012-02-23,非公開,,469,中央区,,
国登録,有形,建造物,旧常光水源地ポンプ室,浜松市,中央区常光町,2012-02-23,非公開,,470,中央区,,
国登録,有形,建造物,吉野屋東棟,個人,浜名区細江町気賀,2015-03-26,条件付き公開,店舗に要問合せ,471,浜名区,,
国登録,有形,建造物,吉野屋南棟,個人,浜名区細江町気賀,2015-03-26,条件付き公開,店舗に要問合せ,472,浜名区,,
国登録,有形,建造物,吉野屋北棟,個人,浜名区細江町気賀,2015-03-26,条件付き公開,店舗に要問合せ,473,浜名区,,
国登録,有形,建造物,吉野屋主屋,個人,浜名区細江町気賀,2015-03-26,条件付き公開,店舗に要問合せ,474,浜名区,,
国登録,有形,建造物,ヤマタケの蔵北の蔵,浜松市,天竜区二俣町二俣,2015-08-04,条件付き公開,外観のみ,475,天竜区,,
国登録,有形,建造物,ヤマタケの蔵南の蔵,浜松市,天竜区二俣町二俣,2015-08-04,条件付き公開,外観のみ,476,天竜区,,
国登録,有形,建造物,ヤマタケの蔵新蔵,浜松市,天竜区二俣町二俣,2015-08-04,条件付き公開,外観のみ,477,天竜区,,
国登録,有形,建造物,旧田代家住宅土蔵,浜松市,天竜区二俣町鹿島,2015-11-17,非公開,,478,天竜区,,
国登録,有形,建造物,旧田代家住宅主屋,浜松市,天竜区二俣町鹿島,2015-11-17,非公開,令和3年3月中旬頃公開再開,479,天竜区,,
国登録,有形,建造物,旧気多村立勝坂小学校校舎,勝坂自治会,天竜区春野町豊岡,2016-02-25,条件付き公開,外観のみ,480,天竜区,,
国登録,有形,建造物,前嶋家住宅主屋,個人,浜名区引佐町川名,2016-08-01,非公開,,481,浜名区,,
国登録,有形,建造物,明治屋醤油醸造所,個人,浜名区小松,2017-05-02,条件付き公開,店舗に要問合せ,482,浜名区,,
国登録,有形,建造物,明治屋醤油離れ,個人,浜名区小松,2017-05-02,条件付き公開,店舗に要問合せ,483,浜名区,,
国登録,有形,建造物,明治屋醤油店舗兼主屋,個人,浜名区小松,2017-05-02,条件付き公開,店舗に要問合せ,484,浜名区,,
国登録,有形,建造物,高林家住宅給水塔,個人,中央区有玉南町,2018-03-27,非公開,,485,中央区,,
国登録,有形,建造物,高林家住宅長屋門,個人,中央区有玉南町,2018-03-27,非公開,,486,中央区,,
国登録,有形,建造物,高林家住宅蔵,個人,中央区有玉南町,2018-03-27,非公開,,487,中央区,,
国登録,有形,建造物,高林家住宅田舎家,個人,中央区有玉南町,2018-03-27,非公開,,488,中央区,,
国登録,有形,建造物,高林家住宅主屋・隠居,個人,中央区有玉南町,2018-03-27,非公開,,489,中央区,,
国登録,有形,建造物,方広寺本堂,方広寺,浜名区引佐町奥山,2019-09-10,公開,,490,浜名区,,
国登録,有形,建造物,方広寺勅使玄関,方広寺,浜名区引佐町奥山,2019-09-10,公開,,491,浜名区,,
国登録,有形,建造物,方広寺知客寮,方広寺,浜名区引佐町奥山,2019-09-10,公開,,492,浜名区,,
国登録,有形,建造物,方広寺大庫裡,方広寺,浜名区引佐町奥山,2019-09-10,公開,,493,浜名区,,
国登録,有形,建造物,方広寺三笑閣,方広寺,浜名区引佐町奥山,2019-09-10,非公開,,494,浜名区,,
国登録,有形,建造物,方広寺宗務本院,方広寺,浜名区引佐町奥山,2019-09-10,非公開,,495,浜名区,,
国登録,有形,建造物,方広寺行在所,方広寺,浜名区引佐町奥山,2019-09-10,非公開,,496,浜名区,,
国登録,有形,建造物,方広寺禅堂,方広寺,浜名区引佐町奥山,2019-09-10,非公開,,497,浜名区,,
国登録,有形,建造物,方広寺観音堂,方広寺,浜名区引佐町奥山,2019-09-10,公開,,498,浜名区,,
国登録,有形,建造物,方広寺勅使門,方広寺,浜名区引佐町奥山,2019-09-10,公開,,499,浜名区,,
国登録,有形,建造物,方広寺開山堂,方広寺,浜名区引佐町奥山,2019-09-10,公開,,500,浜名区,,
国登録,有形,建造物,方広寺昭堂,方広寺,浜名区引佐町奥山,2019-09-10,非公開,,501,浜名区,,
国登録,有形,建造物,方広寺半僧坊拝殿,方広寺,浜名区引佐町奥山,2019-09-10,公開,,502,浜名区,,
国登録,有形,建造物,方広寺半僧坊真殿,方広寺,浜名区引佐町奥山,2019-09-10,公開,外観,503,浜名区,,
国登録,有形,建造物,方広寺札場,方広寺,浜名区引佐町奥山,2019-09-10,公開,外観,504,浜名区,,
国登録,有形,建造物,方広寺神楽堂,方広寺,浜名区引佐町奥山,2019-09-10,公開,,505,浜名区,,
国登録,有形,建造物,方広寺水屋,方広寺,浜名区引佐町奥山,2019-09-10,公開,,506,浜名区,,
国登録,有形,建造物,方広寺鐘楼,方広寺,浜名区引佐町奥山,2019-09-10,公開,,507,浜名区,,
国登録,有形,建造物,方広寺七尊菩薩堂拝殿,方広寺,浜名区引佐町奥山,2019-09-10,公開,,508,浜名区,,
国登録,有形,建造物,方広寺三重塔,方広寺,浜名区引佐町奥山,2019-09-10,公開,,509,浜名区,,
国登録,有形,建造物,方広寺山門,方広寺,浜名区引佐町奥山,2019-09-10,公開,,510,浜名区,,
国登録,有形,建造物,方広寺総門,方広寺,浜名区引佐町奥山,2019-09-10,公開,,511,浜名区,,
国登録,有形,建造物,大福寺庫裏,大福寺,浜名区三ヶ日町福長,2019-12-05,公開,外観,512,浜名区,,
市認定,有形,建造物,金田家住宅,個人,中央区笠井町,2017-03-22,,,513,中央区,,
市認定,有形,建造物,村越家石蔵,個人,中央区中野町,2017-03-22,,,514,中央区,,
市認定,有形,建造物,高橋本家石蔵・土蔵,個人,中央区中野町,2017-03-22,,,515,中央区,,
市認定,有形,建造物,大塚家石蔵,個人,中央区中野町,2017-03-22,,,516,中央区,,
市認定,有形,建造物,井熊家石蔵,個人,中央区中野町,2017-03-22,,,517,中央区,,
市認定,有形,建造物,高橋家石蔵,個人,中央区中野町,2017-03-22,,,518,中央区,,
市認定,有形,建造物,和田家石蔵,個人,中央区中野町,2017-03-22,,,519,中央区,,
市認定,有形,建造物,実相寺鐘楼門,実相寺,浜名区引佐町,2017-03-22,,,520,浜名区,,
市認定,有形,建造物,鹿島の船宿,個人,天竜区二俣町鹿島,2017-03-22,,,521,天竜区,,
市認定,有形,建造物,熊平家住宅,個人,天竜区熊,2017-03-22,,,522,天竜区,,
市認定,有形,建造物,米沢のごんぐら,個人,天竜区米沢,2017-03-22,,,523,天竜区,,
市認定,有形,建造物,旧順誠堂齋藤医院,個人,天竜区船明,2017-03-22,,,524,天竜区,,
市認定,有形,建造物,旧石神小学校校舎,浜松市,天竜区石神,2017-03-22,,,525,天竜区,,
市認定,有形,建造物,三浦神社拝殿,三浦神社,中央区曳馬四丁目,2018-03-22,,,526,中央区,,
市認定,有形,建造物,誠忠碑,浜松市,中央区利町,2018-03-22,,,527,中央区,,
市認定,有形,建造物,旧浜松市鴨江別館,浜松市,中央区鴨江町,2018-03-22,,,528,中央区,,
市認定,有形,建造物,大通院山門,大通院,中央区新橋町,2018-03-22,,,529,中央区,,
市認定,有形,建造物,日本基督教団気賀教会礼拝堂,気賀教会,浜名区細江町気賀,2018-03-22,,,530,浜名区,,
市認定,有形,建造物,岩水寺仁王門,岩水寺,浜名区根堅,2018-03-22,,,531,浜名区,,
市認定,有形,建造物,道本中村家の石蔵,個人,浜名区道本,2018-03-22,,,532,浜名区,,
市認定,有形,建造物,心宝寺山門,心宝寺,浜名区小林,2018-03-22,,,533,浜名区,,
市認定,有形,建造物,旧光明村立山東尋常小学校門柱,浜松市,天竜区山東,2018-03-22,,,534,天竜区,,
市認定,有形,建造物,わんやの蔵,個人,天竜区二俣町二俣,2018-03-22,,,535,天竜区,,
市認定,有形,建造物,藤井陶器店の蔵,個人,天竜区二俣町二俣,2018-03-22,,,536,天竜区,,
市認定,有形,建造物,マルカワの蔵,個人,天竜区二俣町二俣,2018-03-22,,,537,天竜区,,
市認定,有形,建造物,旧鎌田屋商店,個人,天竜区二俣町二俣,2018-03-22,,,538,天竜区,,
市認定,有形,建造物,明治乳業天竜営業所,個人,天竜区二俣町二俣,2018-03-22,,,539,天竜区,,
市認定,有形,建造物,二俣医院,個人,天竜区二俣町二俣,2018-03-22,,,540,天竜区,,
市認定,有形,建造物,二俣医院の蔵,個人,天竜区二俣町二俣,2018-03-22,,,541,天竜区,,
市認定,有形,建造物,旧米徳酒店,個人,天竜区二俣町二俣,2018-03-22,,,542,天竜区,,
市認定,有形,建造物,旧陣屋旅館,個人,天竜区二俣町二俣,2018-03-22,,,543,天竜区,,
市認定,有形,建造物,鈴木徳十商店の蔵,個人,天竜区二俣町二俣,2018-03-22,,,544,天竜区,,
市認定,有形,建造物,藤屋醤油店,個人,天竜区二俣町二俣,2018-03-22,,,545,天竜区,,
市認定,有形,建造物,旧和田医院の蔵,個人,天竜区二俣町二俣,2018-03-22,,,546,天竜区,,
市認定,有形,建造物,岩水寺伽藍,岩水寺,浜名区根堅,2019-03-15,,,547,浜名区,,
市認定,有形,建造物,上石田高橋家の石蔵,個人,中央区上石田町,2020-03-27,,,548,中央区,,
市認定,有形,建造物,峰之澤橋,浜松市,天竜区龍山町瀬尻,2020-03-27,,,549,天竜区,,
市認定,有形,建造物,龍山橋,浜松市,天竜区龍山町,2020-03-27,,,550,天竜区,,
市認定,有形,建造物,松本屋旅館,個人,天竜区春野町堀之内,2020-03-27,,,551,天竜区,,
市認定,有形,絵画,随縁寺涅槃図,隨縁寺,中央区村櫛町,2017-03-22,,,552,中央区,,
市認定,有形,絵画,随縁寺十六善神図,隨縁寺,中央区村櫛町,2017-03-22,,,553,中央区,,
市認定,有形,絵画,実相寺涅槃図,実相寺,浜名区引佐町,2017-03-22,,,554,浜名区,,
市認定,有形,絵画,正泉寺涅槃図,正泉寺,浜名区引佐町,2017-03-22,,,555,浜名区,,
市認定,有形,絵画,本龍寺涅槃図,本龍寺,浜名区引佐町別所,2017-03-22,,,556,浜名区,,
市認定,有形,絵画,長光寺涅槃図,長光寺,天竜区二俣町二俣,2017-03-22,,,557,天竜区,,
市認定,有形,絵画,玖延寺涅槃図,玖延寺,天竜区二俣町阿蔵,2017-03-22,,,558,天竜区,,
市認定,有形,絵画,栄林寺涅槃図,栄林寺,天竜区二俣町二俣,2017-03-22,,,559,天竜区,,
市認定,有形,絵画,長養寺涅槃図,長養寺,天竜区船明,2017-03-22,,,560,天竜区,,
市認定,有形,絵画,宝珠寺観音堂天井絵,宝珠寺,中央区上新屋町,2018-03-22,,,561,中央区,,
市認定,有形,絵画,宝珠寺涅槃図,宝珠寺,中央区上新屋町,2018-03-22,,,562,中央区,,
市認定,有形,絵画,宝珠寺出山釈迦図,宝珠寺,中央区上新屋町,2018-03-22,,,563,中央区,,
市認定,有形,絵画,宝珠寺の頂相群,宝珠寺,中央区上新屋町,2018-03-22,,,564,中央区,,
市認定,有形,絵画,宝珠寺達磨図,宝珠寺,中央区上新屋町,2018-03-22,,,565,中央区,,
市認定,有形,絵画,宝珠寺十六善神図,宝珠寺,中央区上新屋町,2018-03-22,,,566,中央区,,
市認定,有形,絵画,金刀比羅神社格天井絵,金刀比羅神社,浜名区尾野,2019-03-15,,,567,浜名区,,
市認定,有形,絵画,清瀧寺涅槃図,清瀧寺,天竜区二俣町二俣,2019-03-15,,,568,天竜区,,
市認定,有形,絵画,長久院涅槃図,中瀬郷土史の会,浜名区中瀬,2020-03-27,,,569,浜名区,,
市認定,有形,彫刻,随縁寺大日如来像,隨縁寺,中央区村櫛町,2017-03-22,,,570,中央区,,
市認定,有形,彫刻,頭陀寺弘法大師像,頭陀寺,中央区頭陀寺町,2017-03-22,,,571,中央区,,
市認定,有形,彫刻,頭陀寺地蔵菩薩像,頭陀寺,中央区頭陀寺町,2017-03-22,,,572,中央区,,
市認定,有形,彫刻,滝清水千手観音像,伊平自治会,浜名区引佐町伊平,2017-03-22,,,573,浜名区,,
市認定,有形,彫刻,松山聖観音像,伊平自治会,浜名区引佐町伊平,2017-03-22,,,574,浜名区,,
市認定,有形,彫刻,松山馬頭観音像,伊平自治会,浜名区引佐町伊平,2017-03-22,,,575,浜名区,,
市認定,有形,彫刻,伊平の阿弥陀如来像,個人,浜名区引佐町伊平,2017-03-22,,,576,浜名区,,
市認定,有形,彫刻,長興寺聖観世音菩薩像,長興寺,浜名区引佐町伊平,2017-03-22,,,577,浜名区,,
市認定,有形,彫刻,宝珠寺子安地蔵菩薩像,宝珠寺,中央区上新屋町,2018-03-22,,,578,中央区,,
市認定,有形,彫刻,宝珠寺延命地蔵菩薩像,宝珠寺,中央区上新屋町,2018-03-22,,,579,中央区,,
市認定,有形,彫刻,宝珠寺聖徳太子孝養像,宝珠寺,中央区上新屋町,2018-03-22,,,580,中央区,,
市認定,有形,彫刻,宝珠寺岩戸観世音菩薩像,宝珠寺,中央区上新屋町,2018-03-22,,,581,中央区,,
市認定,有形,彫刻,上新屋岩戸観音堂の諸仏,宝珠寺,中央区上新屋町,2018-03-22,,,582,中央区,,
市認定,有形,彫刻,宝珠寺聖徳太子摂政像,宝珠寺,中央区上新屋町,2018-03-22,,,583,中央区,,
市認定,有形,彫刻,宝珠寺達磨大師像,宝珠寺,中央区上新屋町,2018-03-22,,,584,中央区,,
市認定,有形,彫刻,大通院釈迦如来像,大通院,中央区新橋町,2018-03-22,,,585,中央区,,
市認定,有形,彫刻,岩水寺阿弥陀如来像,岩水寺,浜名区根堅,2018-03-22,,,586,浜名区,,
市認定,有形,彫刻,岩水寺大日如来像,岩水寺,浜名区根堅,2018-03-22,,,587,浜名区,,
市認定,有形,彫刻,岩水寺聖徳太子像,岩水寺,浜名区根堅,2018-03-22,,,588,浜名区,,
市認定,有形,彫刻,岩水寺青銅阿弥陀如来像,岩水寺,浜名区根堅,2018-03-22,,,589,浜名区,,
市認定,有形,彫刻,岩水寺不動明王像,岩水寺,浜名区根堅,2018-03-22,,,590,浜名区,,
市認定,有形,彫刻,岩水寺毘沙門天像,岩水寺,浜名区根堅,2018-03-22,,,591,浜名区,,
市認定,有形,彫刻,岩水寺愛染明王像,岩水寺,浜名区根堅,2018-03-22,,,592,浜名区,,
市認定,有形,彫刻,岩水寺薬師如来像,岩水寺,浜名区根堅,2018-03-22,,,593,浜名区,,
市認定,有形,彫刻,岩水寺十一面観音像,岩水寺,浜名区根堅,2018-03-22,,,594,浜名区,,
市認定,有形,彫刻,岩水寺千手観音像,岩水寺,浜名区根堅,2018-03-22,,,595,浜名区,,
市認定,有形,彫刻,岩水寺妙見菩薩像,岩水寺,浜名区根堅,2018-03-22,,,596,浜名区,,
市認定,有形,彫刻,岩水寺地安坊大権現像,岩水寺,浜名区根堅,2018-03-22,,,597,浜名区,,
市認定,有形,彫刻,岩水寺十二神将像,岩水寺,浜名区根堅,2018-03-22,,,598,浜名区,,
市認定,有形,彫刻,旧熊切小学校木造校舎玄関彫刻,浜松市,天竜区春野町宮川,2018-03-22,,,599,天竜区,,
市認定,有形,彫刻,西隠寺椿薬師像,西隠寺,浜名区寺島,2019-03-15,,,600,浜名区,,
市認定,有形,彫刻,宝珠寺半僧坊大権現像,宝珠寺,中央区上新屋町,2020-03-27,,,601,中央区,,
市認定,有形,工芸品,随縁寺大日堂扁額,隨縁寺,中央区村櫛町,2017-03-22,,,602,中央区,,
市認定,有形,工芸品,頭陀寺半鐘,頭陀寺,中央区頭陀寺町,2017-03-22,,,603,中央区,,
市認定,有形,工芸品,大通院舎利容器,大通院,中央区新橋町,2018-03-22,,,604,中央区,,
市認定,有形,工芸品,大通院舎利塔,大通院,中央区新橋町,2020-03-27,,,605,中央区,,
市認定,有形,書跡,賀茂真淵筆懐紙,個人,中央区,2017-03-22,,,606,中央区,,
市認定,有形,書跡,宝珠寺通応和尚墨跡一円相,宝珠寺,中央区上新屋町,2018-03-22,,,607,中央区,,
市認定,有形,書跡,宝珠寺山岡鉄舟の書跡群,宝珠寺,中央区上新屋町,2018-03-22,,,608,中央区,,
市認定,有形,書跡,深奥山扁額,佐藤西町自治会,中央区佐藤一丁目,2020-03-27,,,609,中央区,,
市認定,有形,典籍,馬郡観音堂旧蔵大般若経,如意寺,中央区馬郡町,2017-03-22,,,610,中央区,,
市認定,有形,典籍,宝珠寺法華経,宝珠寺,中央区上新屋町,2018-03-22,,,611,中央区,,
市認定,有形,典籍,宝珠寺大般若経,宝珠寺,中央区上新屋町,2018-03-22,,,612,中央区,,
市認定,有形,絵画／書跡,雄踏町ゆかりの書画,浜松市,中央区雄踏町宇布見,2020-03-27,,,613,中央区,,
市認定,有形,古文書,長久院文書,郷土中瀬の歴史と文化を勉強する会,浜名区中瀬,2017-03-22,,,614,浜名区,,
市認定,有形,古文書,雄踏町西ヶ崎自治会文書,西ヶ崎自治会,中央区雄踏町,2018-03-22,,,615,中央区,,
市認定,有形,古文書,岩水寺袖ケ浦干水記,岩水寺,浜名区根堅,2018-03-22,,,616,浜名区,,
市認定,有形,古文書,浜松城主井上正直屋敷図,個人,浜名区,2018-03-22,,,617,浜名区,,
市認定,有形,古文書,北嶋八幡宮文書,八柱神社,中央区薬師町,2020-03-27,,,618,中央区,,
市認定,有形,古文書,薬師町八柱神社鳥居壱門棟札,八柱神社,中央区薬師町,2020-03-27,,,619,中央区,,
市認定,有形,歴史資料,舟橋紀功碑,個人,中央区中野町,2017-03-22,,,620,中央区,,
市認定,有形,歴史資料,天竜川実測図,個人,中央区,2017-03-22,,,621,中央区,,
市認定,有形,歴史資料,浜松領東境領境石,不詳,中央区薬新町,2017-03-22,,,622,中央区,,
市認定,有形,歴史資料,中瀬村大橋家関係資料,郷土中瀬の歴史と文化を勉強する会,浜名区中瀬,2017-03-22,,,623,浜名区,,
市認定,有形,歴史資料,気多森林鉄道関係資料,浜松市,天竜区春野町宮川,2017-03-22,,,624,天竜区,,
市認定,有形,歴史資料,安間町会所の幕,安間町自治会,中央区安間町,2018-03-22,,,625,中央区,,
市認定,有形,歴史資料,蒲二葉会日曜学校旗,宝珠寺,中央区上新屋町,2018-03-22,,,626,中央区,,
市認定,有形,歴史資料,天龍橋料金入箱,浜松市,天竜区二俣町二俣,2018-03-22,,,627,天竜区,,
市認定,有形,歴史資料,旧鎌田屋商店のガソリン計量器,個人,天竜区二俣町二俣,2018-03-22,,,628,天竜区,,
市認定,有形,歴史資料,袴田喜長翁顕彰碑,二俣地区自治会連合会,天竜区二俣町二俣,2018-03-22,,,629,天竜区,,
市認定,有形,歴史資料,出征兵士歓送迎台,春野地区自治会連合会,天竜区春野町長蔵寺,2018-03-22,,,630,天竜区,,
市認定,有形,歴史資料,小沢義助像台座,浜松市,天竜区二俣町二俣,2018-03-22,,,631,天竜区,,
市認定,有形,歴史資料,下阿多古の消防手曳ガソリンポンプ,浜松市,天竜区二俣町,2018-03-22,,,632,天竜区,,
市認定,有形,歴史資料,舘山寺街道の道標,個人,中央区富塚町,2019-03-15,,,633,中央区,,
市認定,有形,歴史資料,宇布見街道の道標,個人,中央区富塚町,2019-03-15,,,634,中央区,,
市認定,有形,歴史資料,五社・諏訪神社の手水鉢,五社神社・諏訪神社,中央区利町,2019-03-15,,,635,中央区,,
市認定,有形,歴史資料,五社神社の光海霊神碑,五社神社・諏訪神社,中央区利町,2019-03-15,,,636,中央区,,
市認定,有形,歴史資料,旧元城尋常小学校校長像台座,浜松市,中央区元城町,2019-03-15,,,637,中央区,,
市認定,有形,歴史資料,金原明善翁顕彰碑,八柱神社,中央区薬師町,2019-03-15,,,638,中央区,,
市認定,有形,歴史資料,頭陀寺薬師道の道標,頭陀寺,中央区頭陀寺町,2019-03-15,,,639,中央区,,
市認定,有形,歴史資料,堤町馬頭観音堂の手水鉢,好徳寺,中央区堤町,2019-03-15,,,640,中央区,,
市認定,有形,歴史資料,熊市場の時計台台座,市場自治会,天竜区熊,2019-03-15,,,641,天竜区,,
市認定,有形,歴史資料,高札（五榜の掲示第五札）,個人,天竜区春野町田黒,2019-03-15,,,642,天竜区,,
市認定,有形,歴史資料,曳馬坂拡張記念碑,浜松市,中央区高町,2020-03-27,,,643,中央区,,
市認定,有形,歴史資料,御朱印状保管箱及び御朱印写,個人,中央区助信町,2020-03-27,,,644,中央区,,
市認定,有形,歴史資料,近世近代浜松関係資料,個人,中央区有玉北町,2020-03-27,,,645,中央区,,
市認定,有形,歴史資料,手押し消防ポンプ車及び刺し子,天王町中自治会,中央区天王町,2020-03-27,,,646,中央区,,
市認定,有形,歴史資料,蒲神明宮の大灯籠,蒲神明宮,中央区神立町,2020-03-27,,,647,中央区,,
市認定,有形,歴史資料,小山みい頌徳灯籠,蒲神明宮,中央区神立町,2020-03-27,,,648,中央区,,
市認定,有形,歴史資料,蒲大神の碑,蒲神明宮,中央区植松町,2020-03-27,,,649,中央区,,
市認定,有形,歴史資料,福長浅雄建立謝恩の碑,個人,中央区大塚町,2020-03-27,,,650,中央区,,
市認定,有形,歴史資料,大塚稲荷明神の手水鉢,個人,中央区大塚町,2020-03-27,,,651,中央区,,
市認定,有形,歴史資料,宮口野口辻の傍示木（ぼんじぎ）,野口町内会,浜名区宮口,2020-03-27,,,652,浜名区,,
市認定,有形,歴史資料,九勇士の碑,報恩寺,浜名区宮口,2020-03-27,,,653,浜名区,,
市認定,民俗,有形,天王町東地蔵菩薩堂,天王町東自治会,中央区天王町,2017-03-22,,,654,中央区,,
市認定,民俗,有形,天王町東秋葉山常夜燈鞘堂,天王町東自治会,中央区天王町,2017-03-22,,,655,中央区,,
市認定,民俗,有形,天王町東引舞台家形,天王町東自治会,中央区天王町,2017-03-22,,,656,中央区,,
市認定,民俗,有形,白鳥の富士石,六所神社,中央区白鳥町,2017-03-22,,,657,中央区,,
市認定,民俗,有形,頭陀寺役行者像,頭陀寺,中央区頭陀寺町,2017-03-22,,,658,中央区,,
市認定,民俗,有形,滝清水役行者像,伊平自治会,浜名区引佐町伊平,2017-03-22,,,659,浜名区,,
市認定,民俗,有形,宮口の三階屋台,研友会,浜名区宮口,2017-03-22,,,660,浜名区,,
市認定,民俗,有形,石神市場の竜燈様,個人,天竜区石神,2017-03-22,,,661,天竜区,,
市認定,民俗,有形,二俣町二俣の秋葉山道標,個人,天竜区二俣町二俣,2017-03-22,,,662,天竜区,,
市認定,民俗,有形,玖延寺弘法大師像,玖延寺,天竜区二俣町阿蔵,2017-03-22,,,663,天竜区,,
市認定,民俗,有形,長養寺馬頭観音像,長養寺,天竜区船明,2017-03-22,,,664,天竜区,,
市認定,民俗,有形,長養寺道祖神,長養寺,天竜区船明,2017-03-22,,,665,天竜区,,
市認定,民俗,有形,早出薬師講信仰資料,早出薬師講,中央区早出町,2018-03-22,,,666,中央区,,
市認定,民俗,有形,蓮華寺松尾芭蕉句碑,蓮華寺,中央区紺屋町,2018-03-22,,,667,中央区,,
市認定,民俗,有形,心造寺賀茂真淵句碑,心造寺,中央区紺屋町,2018-03-22,,,668,中央区,,
市認定,民俗,有形,宝珠寺六地蔵と立念仏供養塔,宝珠寺,中央区上新屋町,2018-03-22,,,669,中央区,,
市認定,民俗,有形,宝珠寺観音札の版木,宝珠寺,中央区上新屋町,2018-03-22,,,670,中央区,,
市認定,民俗,有形,宝珠寺のおみくじ箱,宝珠寺,中央区上新屋町,2018-03-22,,,671,中央区,,
市認定,民俗,有形,宝珠寺の念仏数珠,宝珠寺,中央区上新屋町,2018-03-22,,,672,中央区,,
市認定,民俗,有形,宝珠寺庚申図,宝珠寺,中央区上新屋町,2018-03-22,,,673,中央区,,
市認定,民俗,有形,宝珠寺日本左衛門供養塔,宝珠寺,中央区上新屋町,2018-03-22,,,674,中央区,,
市認定,民俗,有形,宝珠寺半僧坊大権現の碑,宝珠寺,中央区上新屋町,2018-03-22,,,675,中央区,,
市認定,民俗,有形,宝珠寺秋葉山常夜灯,宝珠寺,中央区上新屋町,2018-03-22,,,676,中央区,,
市認定,民俗,有形,宝珠寺手水桶,宝珠寺,中央区上新屋町,2018-03-22,,,677,中央区,,
市認定,民俗,有形,雄踏町領家の金館車,領家自治会,中央区雄踏町,2018-03-22,,,678,中央区,,
市認定,民俗,有形,大通院禁葷酒標石,大通院,中央区新橋町,2018-03-22,,,679,中央区,,
市認定,民俗,有形,堤町馬頭観音像,好徳寺,中央区堤町,2018-03-22,,,680,中央区,,
市認定,民俗,有形,倉松町のいぼ地蔵信仰資料,個人,中央区倉松町,2018-03-22,,,681,中央区,,
市認定,民俗,有形,二俣新町南嶺連屋台,二俣町新町自治会,天竜区二俣町二俣,2018-03-22,,,682,天竜区,,
市認定,民俗,有形,笠井町春日神社の神輿,春日神社,中央区笠井町,2019-03-15,,,683,中央区,,
市認定,民俗,有形,息神社の金的中額,息神社,中央区雄踏町,2019-03-15,,,684,中央区,,
市認定,民俗,有形,雄踏町西ヶ崎の館車,西ヶ崎自治会,中央区雄踏町宇布見,2019-03-15,,,685,中央区,,
市認定,民俗,有形,雄踏町田端の館車,田端自治会,中央区雄踏町宇布見,2019-03-15,,,686,中央区,,
市認定,民俗,有形,山崎の秋葉山常夜灯鞘堂,山崎自治会,中央区雄踏町山崎,2019-03-15,,,687,中央区,,
市認定,民俗,有形,寺島の道祖神,寺島自治会,浜名区寺島,2019-03-15,,,688,浜名区,,
市認定,民俗,有形,寺島山王の秋葉山常夜灯,寺島自治会,浜名区寺島,2019-03-15,,,689,浜名区,,
市認定,民俗,有形,根堅祭りの神輿,岩水寺,浜名区根堅,2019-03-15,,,690,浜名区,,
市認定,民俗,有形,神沢の庚申塔,神沢西自治会,天竜区神沢,2019-03-15,,,691,天竜区,,
市認定,民俗,有形,大日山守護神堂,神沢東自治会,天竜区神沢,2019-03-15,,,692,天竜区,,
市認定,民俗,有形,田河内の秋葉山常夜灯鞘堂,田河内自治会,天竜区春野町田河内,2019-03-15,,,693,天竜区,,
市認定,民俗,有形,龍勢社屋台幕,犬居自治会,天竜区春野町堀之内,2019-03-15,,,694,天竜区,,
市認定,民俗,有形,山王岩峰の仏像,個人,天竜区水窪町奥領家,2019-03-15,,,695,天竜区,,
市認定,民俗,有形,住吉の親子地蔵像,個人,中央区住吉二丁目,2020-03-27,,,696,中央区,,
市認定,民俗,有形,天王町中の屋台,天王町中自治会,中央区天王町,2020-03-27,,,697,中央区,,
市認定,民俗,有形,雄踏町浅羽の館車,浅羽自治会,中央区雄踏町宇布見,2020-03-27,,,698,中央区,,
市認定,民俗,有形,雄踏町小山の館車,小山自治会,中央区雄踏町宇布見,2020-03-27,,,699,中央区,,
市認定,民俗,有形,雄踏町中村の館車,中村自治会,中央区雄踏町宇布見,2020-03-27,,,700,中央区,,
市認定,民俗,有形,兎荷鳶ノ巣山の行者様,兎荷区,浜名区引佐町兎荷,2020-03-27,,,701,浜名区,,
市認定,民俗,有形,袖ヶ浦三十三観音霊場の観音像,（各地）,浜名区／中央区,2020-03-27,,,702,中央区,,
市認定,民俗,有形,新原の阿弥陀三尊壕,善願地区,浜名区新原,2020-03-27,,,703,浜名区,,
市認定,民俗,有形,中瀬四塔の秋葉山常夜灯鞘堂の欄間,中瀬稲荷神社,浜名区中瀬,2020-03-27,,,704,浜名区,,
市認定,民俗,有形,宮口洗沢の秋葉山常夜灯鞘堂,個人,浜名区宮口,2020-03-27,,,705,浜名区,,
市認定,民俗,有形,宮口土取の賓頭盧尊者像,個人,浜名区宮口,2020-03-27,,,706,浜名区,,
市認定,民俗,有形,宮口三十三観音霊場の観音像,（各地）,浜名区宮口,2020-03-27,,,707,浜名区,,
市認定,民俗,有形,二俣古城連の屋台,中町自治会,天竜区二俣町二俣,2020-03-27,,,708,天竜区,,
市認定,民俗,有形,六十六部供養塔及び教傳様神号石,向市場自治会,天竜区水窪町地頭方,2020-03-27,,,709,天竜区,,
市認定,民俗,無形,有玉神社の流鏑馬神事,,中央区有玉南町,2017-03-22,,,710,中央区,,
市認定,民俗,無形,松之浦神社の注連縄,,中央区松小池町,2017-03-22,,,711,中央区,,
市認定,民俗,無形,中野町の煙火,,中央区中野町,2017-03-22,,,712,中央区,,
市認定,民俗,無形,賀久留神社の神幸祭,,中央区神ヶ谷町,2017-03-22,,,713,中央区,,
市認定,民俗,無形,息神社の田遊祭,,中央区雄踏町,2017-03-22,,,714,中央区,,
市認定,民俗,無形,舞阪の大太鼓祭り,,中央区舞阪町,2017-03-22,,,715,中央区,,
市認定,民俗,無形,雄踏歌舞伎万人講,,中央区雄踏町,2017-03-22,,,716,中央区,,
市認定,民俗,無形,金指市神様の祭祀,,浜名区引佐町金指,2017-03-22,,,717,浜名区,,
市認定,民俗,無形,東久留女木の万歳楽,,浜名区引佐町,2017-03-22,,,718,浜名区,,
市認定,民俗,無形,細江神社の祇園まつり,,浜名区細江町気賀,2017-03-22,,,719,浜名区,,
市認定,民俗,無形,浦川歌舞伎,,天竜区佐久間町浦川,2017-03-22,,,720,天竜区,,
市認定,民俗,無形,佐久間竜神の舞,,天竜区佐久間町中部,2017-03-22,,,721,天竜区,,
市認定,民俗,無形,八幡神楽,,天竜区水窪町奥領家,2017-03-22,,,722,天竜区,,
市認定,民俗,無形,浜松秋葉神社の管粥祭,,中央区三組町,2018-03-22,,,723,中央区,,
市認定,民俗,無形,雄踏町山崎の百万遍念仏,,中央区雄踏町,2018-03-22,,,724,中央区,,
市認定,民俗,無形,金折津島神社祇園祭（ヨイトー）,,中央区金折町,2018-03-22,,,725,中央区,,
市認定,民俗,無形,水窪まつり,,天竜区水窪町奥領家,2018-03-22,,,726,天竜区,,
市認定,民俗,無形,芋掘神楽,,天竜区佐久間町奥領家,2018-03-22,,,727,天竜区,,
市認定,民俗,無形,松島神楽,,天竜区佐久間町相月,2018-03-22,,,728,天竜区,,
市認定,民俗,無形,鹿島の花火,,天竜区二俣町,2018-03-22,,,729,天竜区,,
市認定,民俗,無形,二俣まつり,,天竜区二俣町,2018-03-22,,,730,天竜区,,
市認定,民俗,無形,水窪の削り花,,天竜区水窪町奥領家,2018-03-22,,,731,天竜区,,
市認定,民俗,無形,笠井町春日神社の神輿渡御,,中央区笠井町,2019-03-15,,,732,中央区,,
市認定,民俗,無形,馬門の神楽,,浜名区引佐町奥山,2019-03-15,,,733,浜名区,,
市認定,民俗,無形,奥山の手筒花火,,浜名区引佐町奥山,2019-03-15,,,734,浜名区,,
市認定,民俗,無形,「小組」の屋台行事とお囃子,,浜名区引佐町小斎藤,2019-03-15,,,735,浜名区,,
市認定,民俗,無形,金刀比羅神社巫女神楽,,浜名区尾野,2019-03-15,,,736,浜名区,,
市認定,民俗,無形,水窪の祇園祭り,,天竜区水窪町,2019-03-15,,,737,天竜区,,
市認定,民俗,無形,蒲神明宮の御田打ち,蒲神明宮,中央区神立町,2020-03-27,,,738,中央区,,
市認定,民俗,無形,蒲神明宮の庭上座礼,,中央区神立町,2020-03-27,,,739,中央区,,
市認定,民俗,無形,蒲神明宮の神楽,,中央区神立町,2020-03-27,,,740,中央区,,
市認定,民俗,無形,初生衣神社おんぞ祭り,,浜名区三ヶ日町岡本,2020-03-27,,,741,浜名区,,
市認定,民俗,無形,横山八幡神社の祭礼,,天竜区横山町,2020-03-27,,,742,天竜区,,
市認定,民俗,無形,瀬尻のぶか凧,,天竜区龍山町瀬尻,2020-03-27,,,743,天竜区,,
市認定,記念物,史跡,舟岡山のトーチカ,桜井製作所,中央区半田町,2017-03-22,,,744,中央区,,
市認定,記念物,史跡,中ノ町村道路元標,,中央区中野町,2017-03-22,,,745,中央区,,
市認定,記念物,史跡,大??神社境内,大??神社,中央区中野町,2017-03-22,,,746,中央区,,
市認定,記念物,史跡,近藤季用の墓,実相寺,浜名区引佐町,2017-03-22,,,747,浜名区,,
市認定,記念物,史跡,井平氏墓所,個人,浜名区引佐町伊平,2017-03-22,,,748,浜名区,,
市認定,記念物,史跡,林森神社境内,林森神社,浜名区引佐町伊平,2017-03-22,,,749,浜名区,,
市認定,記念物,史跡,野末甚左衛門の墓,個人,浜名区引佐町伊平,2017-03-22,,,750,浜名区,,
市認定,記念物,史跡,渓雲寺境内,渓雲寺,浜名区引佐町川名,2017-03-22,,,751,浜名区,,
市認定,記念物,史跡,井伊直平の墓,個人,浜名区引佐町川名,2017-03-22,,,752,浜名区,,
市認定,記念物,史跡,井殿の塚,龍潭寺,浜名区引佐町井伊谷,2017-03-22,,,753,浜名区,,
市認定,記念物,史跡,笹岡城跡,浜松市,天竜区二俣町二俣,2017-03-22,,,754,天竜区,,
市認定,記念物,史跡,小沢仁庵の墓,心造寺,中央区紺屋町,2018-03-22,,,755,中央区,,
市認定,記念物,史跡,浜松秋葉神社境内,浜松秋葉神社,中央区三組町,2018-03-22,,,756,中央区,,
市認定,記念物,史跡,元亀霊神社境内,個人,中央区住吉二丁目,2018-03-22,,,757,中央区,,
市認定,記念物,史跡,引間城跡,元城町東照宮,中央区元城町,2018-03-22,,,758,中央区,,
市認定,記念物,史跡,白鳥町子安神社境内,子安神社,中央区白鳥町,2018-03-22,,,759,中央区,,
市認定,記念物,史跡,洞雲寺境内,洞雲寺,中央区神ヶ谷町,2018-03-22,,,760,中央区,,
市認定,記念物,史跡,足神神社境内,足神神社,天竜区水窪町奥領家,2018-03-22,,,761,天竜区,,
市認定,記念物,史跡,秋葉山表参道,秋葉神社他,天竜区春野町,2018-03-22,,,762,天竜区,,
市認定,記念物,史跡,狐塚古墳,個人,中央区富塚町,2019-03-15,,,763,中央区,,
市認定,記念物,史跡,五社神社・諏訪神社の石垣,五社神社・諏訪神社,中央区利町,2019-03-15,,,764,中央区,,
市認定,記念物,史跡,黒田稲荷境内,鍛冶町自治会,中央区鍛冶町,2019-03-15,,,765,中央区,,
市認定,記念物,史跡,金山神社境内,金山神社,中央区栄町,2019-03-15,,,766,中央区,,
市認定,記念物,史跡,賀茂真淵夫婦の墓,個人,中央区中沢町,2019-03-15,,,767,中央区,,
市認定,記念物,史跡,地安坊（大権現）境内,岩水寺,浜名区根堅,2019-03-15,,,768,浜名区,,
市認定,記念物,史跡,岩水寺白山神社境内,岩水寺,浜名区根堅,2019-03-15,,,769,浜名区,,
市認定,記念物,史跡,金刀比羅神社境内,金刀比羅神社,浜名区尾野,2019-03-15,,,770,浜名区,,
市認定,記念物,史跡,高根神社境内,高根神社,浜名区尾野,2019-03-15,,,771,浜名区,,
市認定,記念物,史跡,尾野の塹壕,高根神社,浜名区尾野,2019-03-15,,,772,浜名区,,
市認定,記念物,史跡,清瀧寺信康廟,清瀧寺,天竜区二俣町二俣,2019-03-15,,,773,天竜区,,
市認定,記念物,史跡,熊の鏡石,柴沢丸自治会,天竜区熊,2019-03-15,,,774,天竜区,,
市認定,記念物,史跡,大日山浄水井戸,神沢東自治会,天竜区神沢,2019-03-15,,,775,天竜区,,
市認定,記念物,史跡,茂三塚,舘山寺町自治会,中央区舘山寺町,2020-03-27,,,776,中央区,,
市認定,記念物,史跡,桜塚,舘山寺町自治会,中央区舘山寺町,2020-03-27,,,777,中央区,,
市認定,記念物,史跡,新羅神社境内,個人,中央区江之島町,2020-03-27,,,778,中央区,,
市認定,記念物,史跡,東黒田奉行屋敷跡,個人,浜名区引佐町東黒田,2020-03-27,,,779,浜名区,,
市認定,記念物,史跡,得月寺境内,得月寺,浜名区引佐町兎荷,2020-03-27,,,780,浜名区,,
市認定,記念物,史跡,兎荷六所神社境内,兎荷区,浜名区引佐町兎荷,2020-03-27,,,781,浜名区,,
市認定,記念物,史跡,中瀬の霞堤,個人,浜名区中瀬,2020-03-27,,,782,浜名区,,
市認定,記念物,史跡,庚申寺境内,庚申寺,浜名区宮口,2020-03-27,,,783,浜名区,,
市認定,記念物,史跡,報恩寺境内,報恩寺,浜名区宮口,2020-03-27,,,784,浜名区,,
市認定,記念物,史跡,大屋敷墳墓,個人,浜名区宮口,2020-03-27,,,785,浜名区,,
市認定,記念物,史跡,陽泰院境内,陽泰院,浜名区宮口,2020-03-27,,,786,浜名区,,
市認定,記念物,史跡,鳥羽山の掘割,,天竜区二俣町二俣,2020-03-27,,,787,天竜区,,
市認定,記念物,史跡,二光の滝,,天竜区二俣町二俣・山東,2020-03-27,,,788,天竜区,,
市認定,記念物,名勝,白倉峡,白倉自治会,天竜区龍山町大嶺,2017-03-22,,,789,天竜区,,
市認定,記念物,名勝,龍山町瀬尻の不動の滝,瀬尻自治会,天竜区龍山町瀬尻,2018-03-22,,,790,天竜区,,
市認定,記念物,名勝,熊の黒滝,個人,天竜区熊,2019-03-15,,,791,天竜区,,
市認定,記念物,名勝,荒沢不動の滝,神沢西自治会,天竜区神沢,2019-03-15,,,792,天竜区,,
市認定,記念物,名勝,横山の雨乞淵,個人,天竜区横山町,2020-03-27,,,793,天竜区,,
市認定,記念物,名勝,横山の不動の滝,市場自治会,天竜区横山町,2020-03-27,,,794,天竜区,,
市認定,記念物,名勝,佐久の稚児の滝,個人,天竜区佐久,2020-03-27,,,795,天竜区,,
市認定,記念物,天然記念物,赤石構造線赤石裂線,,天竜区大谷,2017-03-22,,,796,天竜区,,
市認定,記念物,天然記念物,クロツバメシジミとツメレンゲ,静岡県,天竜区佐久間町,2017-03-22,,,797,天竜区,,
市認定,記念物,天然記念物,浜松秋葉神社のオガタマノキ,浜松秋葉神社,中央区三組町,2018-03-22,,,798,中央区,,
市認定,記念物,天然記念物,大野一本桜,個人,天竜区水窪町奥領家,2018-03-22,,,799,天竜区,,
市認定,記念物,天然記念物,兎荷鍾乳洞,兎荷区,浜名区引佐町兎荷,2020-03-27,,,800,浜名区,,
市認定,文化的景観,,六郎沢の水辺空間,個人,天竜区熊,2018-03-22,,,801,天竜区,,
市認定,文化的景観,,久留女木の棚田,,浜名区引佐町,2019-03-15,,,802,浜名区,,
市認定,文化的景観,,大栗安の棚田,大栗安棚田倶楽部,天竜区大栗安,2019-03-15,,,803,天竜区,,
市認定,文化的景観,,滝沢の石垣集落景観,,浜名区滝沢町,2020-03-27,,,804,浜名区,,
市認定,その他,伝承地,鎌砥池,頭陀寺町奉賛会,中央区頭陀寺町,2017-03-22,,,805,中央区,,
市認定,その他,伝承地,伝井平城跡,個人,浜名区引佐町伊平,2017-03-22,,,806,浜名区,,
市認定,その他,伝承地,伝井平氏居館跡,個人,浜名区引佐町伊平,2017-03-22,,,807,浜名区,,
市認定,その他,伝承地,伝井平氏の殿村居館跡,個人,浜名区引佐町伊平,2017-03-22,,,808,浜名区,,
市認定,その他,伝承地,伝鎧橋跡,川名自治会,浜名区引佐町川名,2017-03-22,,,809,浜名区,,
市認定,その他,伝承地,大蒲町のまつり道,浜松市,中央区大蒲町,2020-03-27,,,810,中央区,,
市認定,その他,伝承地,楠御前の墓,兎荷区,浜名区引佐町兎荷,2020-03-27,,,811,浜名区,,
市認定,その他,近代化遺産,満州道路,浜松市,中央区豊岡町,2017-03-22,,,812,中央区,,
市認定,その他,近代化遺産,光明電鉄阿蔵トンネル,栄林寺,天竜区二俣町二俣,2017-03-22,,,813,天竜区,,
市認定,その他,近代化遺産,光明電鉄二俣口駅ホーム跡,浜松市,天竜区二俣町阿蔵,2017-03-22,,,814,天竜区,,
市認定,その他,近代化遺産,鳥羽山洞門,浜松市,天竜区二俣町,2018-03-22,,,815,天竜区,,
市認定,その他,近代化遺産,旧太田製作所のトロッコ軌道跡,個人,天竜区二俣町二俣,2020-03-27,,,816,天竜区,,
市認定,その他,伝統的生活文化,水窪じゃがた,,天竜区水窪町,2020-03-27,,,817,天竜区,,
市認定,その他,伝統的生活文化,光明勝栗,光明勝栗保存会,天竜区只来,2020-03-27,,,818,天竜区,,
市認定,伝統的建造物群,,中野町の町並み（旧東海道沿）,,中央区中野町,2017-03-22,,,819,中央区,,
市認定,伝統的建造物群,,浦川の街並み,,天竜区佐久間町浦川,2020-03-27,,,820,天竜区,,
