都道府県コード又は市区町村コード,NO,都道府県名,市区町村名,名称,名称_カナ,名称_通称,文化財分類,場所名称,住所,緯度,経度,電話番号,員数（数）,員数（単位）,所有者等,文化財指定日,利用可能曜日,開始時間,終了時間,利用可能日時特記事項,概要,説明,URL,備考
22012,1200100001,青森県,青森市,青森県宇鉄遺跡出土品,アオモリケンウテツイセキシュツドヒン,,重要文化財,青森県立郷土館,青森県青森市本町2-8-14,40.827227,140.748567,017-777-1585,559,個,青森県,1991/6/21,,,,休館中,宇鉄遺跡から出土した弥生時代中期の遺物,重要文化財の指定遺物は、土器類33点、石器類160点、玉類366点の計559点である。宇鉄遺跡は、津軽海峡に面した海岸段丘上の突端近くに所在し墳墓を主体とした遺跡である。隣接して縄文時代中期～晩期の遺物包蔵地と、沢を隔てた西の台地に縄文時代前期～後期の中ノ平遺跡がある。出土遺物の中で特徴的なものは364個の碧玉製管玉であろう。また、出土土器には北海道の続縄文時代に属する恵山式土器との関連を有するものもある。 ,https://www.city.aomori.aomori.jp/bunkaisan/bunka-sports-kanko/bunka/bunka-geijutsu/inishie/bunkazai/01.html,
22012,1200100002,青森県,青森市,青森県大石平遺跡出土品,アオモリケンオオイシタイイセキシュツドヒン,,重要文化財,青森県立郷土館,青森県青森市本町2-8-14,40.827227,140.748567,017-777-1585,198,個,青森県,1995/6/15,,,,休館中,大石平遺跡から出土した縄文時代後期の遺物,重要文化財の指定遺物は、土器類23点、石器類113点、土偶類58点、手形・足形付土製品4点の計198点である。大石平遺跡は、尾駮沼の北側を流れて太平洋に注ぐ老部川の右岸にあり、縄文時代後期を主体とした集落遺跡であるとともに、弥生時代後期の集落遺跡でもある。出土した遺物の中で手形・足形土製品は縄文時代の儀礼を示すものとして興味深い。 ,https://www.city.aomori.aomori.jp/bunkaisan/bunka-sports-kanko/bunka/bunka-geijutsu/inishie/bunkazai/01.html,
22012,1200100003,青森県,青森市,青森県三内丸山遺跡出土品,アオモリケンサンナイマルヤマイセキシュツドヒン,,重要文化財,青森県立郷土館,青森県青森市本町2-8-14,40.827227,140.748567,017-777-1585,1958,点,青森県,2003/5/29,,,,休館中,三内丸山遺跡から出土した遺物,三内丸山遺跡は平成4～6年に実施された県総合運動公園拡張事業に伴う発掘調査によって、縄文時代前期中葉から中期末葉（約5500～4000年前）にわたる大規模な集落跡であることが判明し、平成9年に国史跡、平成12年に特別史跡となった。また、出土した多量の遺物は各時期の多彩な内容で構成されている。本件は、この調査によって出土した遺物のうち、平成4・5年に調査した台地縁辺部に位置する第6鉄塔地点と旧野球場建設予定地内の住居跡群からの出土品である。第6鉄塔地点では縄文時代前期中葉の低湿地から、土器・石器などに加え骨角器・編物・木製品などの有機質の遺物が出土し、当時の生活・自然環境を解明する貴重な資料となった。特に釣針等の縄文時代の骨角器は遺存状態が極めて良好で質・量ともに充実している。また、縄文ポシェットに代表される編物は、類例が少なく当時の編組技術を示す良好な資料である。その他、竪穴住居出土の大型板状土偶や土器・石器等がある。以上、本件は縄文時代前期中葉から中期末葉までの各時期の出土遺物であり、縄文時代の生活を知るうえで欠かせない資料である。,https://www.city.aomori.aomori.jp/bunkaisan/bunka-sports-kanko/bunka/bunka-geijutsu/inishie/bunkazai/01.html,
22012,1200100004,青森県,青森市,泊のまるきぶね,トマリノマルキブネ,,重要有形民俗文化財,青森県立郷土館,青森県青森市本町2-8-14,40.827227,140.748567,017-777-1585,1,隻,青森県,1963/5/15,,,,休館中,磯回りの小舟,磯回りの小舟である。櫂など付属用具もある。本品はブナ材であるが、カツラ・セン・クリ材でも作る。山で木を伐採してマサカリやチョウナでくりぬき、それに側面や船首、船尾などを補って、全体を整える。大正12年(1923)ごろ、六ヶ所村泊の三角久松が、同村出戸の棚沢山のブナの木で作らせたもの。丸木舟は丈夫で安定度があり、長年使える利点があった。特に冬の1～2月のアワビ漁では、激しい波風で舟が岩場に激突しても、破損の心配がなかった。この舟は本州太平洋沿岸の丸木舟では最北限のものであり、現在は県立郷土館に収蔵されている。 ,https://www.city.aomori.aomori.jp/bunkaisan/bunka-sports-kanko/bunka/bunka-geijutsu/inishie/bunkazai/01.html,
22012,1200100005,青森県,青森市,津軽・南部のさしこ着物,ツガルナンブノサシコキモノ,,重要有形民俗文化財,青森県立郷土館,青森県青森市本町2-8-14,40.827227,140.748567,017-777-1585,786,点,個人,1983/4/13,,,,休館中,こぎん刺し・菱刺しでぬった着物の収集,長着(ながぎ。長着物)175点、短着(みじか。上体から腰までの短い仕事着)174点、そでなし76点、たつけ・ももひき(両足を通し、ひもで腰に巻く仕事着)324点、前だれ(腰にひもでしめ、両ひざの前をおおう仕事着)37点など786点が指定されている。「さしこ」は衣料の布を重ね合わせて、細かく刺し縫いしたものをいう。昔は津軽も南部も衣料が乏しく、麻糸を織り上げた麻布で衣類を仕立て、長持ちさせるため、切れやすい部分を補強するため糸で刺した。その刺し模様を工夫してデザイン化したのが、津軽のこぎん・南部の菱刺しである。江戸時代末ごろから木綿の古布が移入されると、さしこ着物に木綿布をあて、それを一面に木綿糸で刺して補強し、また刺し模様にも工夫をこらした。昔の農民の普段着や仕事着の衣生活の実態を知る上で貴重な資料である。 ,https://www.city.aomori.aomori.jp/bunkaisan/bunka-sports-kanko/bunka/bunka-geijutsu/inishie/bunkazai/01.html,
22012,1200100006,青森県,青森市,津軽海峡及び周辺地域のムダマハギ型漁船コレクション,ツガルカイキョウオヨビシュウヘンチイキノムダマハギガタギョセンコレクション,,重要有形民俗文化財,あおもり北のまほろば歴史館,青森県青森市沖館2-2-1,40.837276,140.725275,017-763-5519,67,隻,青森市,1997/12/15,月火水木金土日,9:00,17:00,12月30日～翌年１月3日まで休館（年末年始）,伝統的なムダマハギ型漁船とその変遷過程を示す漁船からなるコレクション,ムダマハギとは、2枚の刳りぬいた木材（ブナ、カツラ、ヒバ、スギ等）を組み合わせてムダマと呼ばれる船底を作り、それに波よけの棚板をつけて作る船で、刳り抜きの船底が厚く丈夫であるため荒磯に耐え、重いため波に流されず安定し、磯漁に使いよいといわれている。この資料は、秋田県北部、岩手県北部から津軽海峡を挟んだ渡島半島南部までの地域で使用された、伝統的なムダマハギ型漁船とその変遷過程を示す漁船からなるコレクションである。丸木舟の次の技術段階を示すもので、日本の木造船の発達過程を理解する上で特に重要なものとして、はじめての木造漁船のコレクション指定となった。（内訳：丸木舟　2隻、ムダマハギ型漁船　43隻、四枚接ぎ型漁船　22隻 ）,http://kitanomahoroba.jp/index.html,
22012,1200100007,青森県,青森市,青森のねぶた,アオモリノネブタ,,重要無形民俗文化財,, 青森県青森市 ,,,,-,-,青森ねぶた祭保存会,1980/1/28,,,,,旧暦7月に行われる年中行事,青森ねぶたは勇壮華美な組ねぶたであり、台の上に歴史上の人物等で勇壮なものを題材に取り、人形を型どった灯籠を造り、中に灯をともす。笛・太鼓の囃子に「はねと」等多数が一団となって練り歩く。大型のものは、企業・公共団体等、小型のものは、町内会・子ども会等から出される。7月7日の「眠り流し」、すなわち仕事の妨げとなる眠気を送り出す風習が灯籠を主体にした行事に展開したものである。ハネトの跳ね方、流すとき唱える歌詞（ラッセラー）は、虫送りや荒馬の芸態と類似し両者が関連していることを暗示している。,https://www.city.aomori.aomori.jp/bunkaisan/bunka-sports-kanko/bunka/bunka-geijutsu/inishie/bunkazai/01.html,
22012,1200100008,青森県,青森市,岩木山の登拝行事,イワキサンノトハイギョウジ,,重要無形民俗文化財,,青森県青森市ほか,,,,-,-,お山参詣保存会,1984/1/21,,,,,旧暦8月1日を中心に行われる年中行事,津軽一円から岩木山へ向かい、御来迎を拝み帰還する。　村落や地区の人々が集団で登拝するのが特色であり、以前は男性のみが登拝の約10日前から準備し、精進潔斎しつつ、御幣や幟を仕上げ、出発の前日には餅をつく。　笛、太鼓、手平鉦の囃子に合わせて「サイギ、サイギ・・・」の唱え詞を歌いながら徒歩で岩木山神社に到着、供物や幟等を奉納し、旧暦8月1日の御来迎を拝むために頂上の奥宮へ向かう。下山して神社に報告し、「バダラ」を踊って帰途につき、持ち帰った御福コ（御菓子）を留守の人々に分け与える。岩木山は古くから聖なる山として信仰の対象となり崇められていた。いつのころか登拝は年中行事となり、津軽地方の生活・文化に深い影響を与えた。男性に限られていた登拝は明治5年（1872）に女人禁制が解かれた。 ,https://www.city.aomori.aomori.jp/bunkaisan/bunka-sports-kanko/bunka/bunka-geijutsu/inishie/bunkazai/01.html,
22012,1200100009,青森県,青森市,三内丸山遺跡,サンナイマルヤマイセキ,,特別史跡,,青森県青森市大字三内字丸山;青森県青森市大字安田字近野,40.811531,140.697202,017-781-6078,-,-,青森県,2000/11/24,,,,,縄文時代前期～中期を主体とし、後期並びに平安時代及び中世期にわたる集落遺跡,縄文時代前期～中期を主体とし、後期並びに平安時代及び中世期にわたる集落遺跡。江戸時代から知られ、永禄日記（館野越本）並びに菅江真澄の遊覧記（栖家能山）などに記載がある。これまで、昭和27年（1952）県文化財専門委員の成田彦栄による調査をはじめ、慶応大学の清水潤三等の調査がある。平成4年（1992）より、新県営野球場建設予定地として県教育委員会が発掘調査を行い、同6年に遺構・遺物の膨大な発見によって遺跡を保存することになり、現在整備が進められている。遺跡の面積は42万平方メートルに及び、平成9年（1997）に史跡、平成12年度には特別史跡に、平成25年度には追加指定され、特別史跡の面積は約25万平方メートルである。縄文時代前期～中期に至る円筒土器（円筒下層式5型式・円筒上層式5型式）、大木系土器・石器・石製品（硬玉製垂飾品・黒曜石製品等）・土製品（板状土偶・耳飾等）、骨角器（釣針・針・銛先等）、樹皮・草木を利用した各種の編物、木製品（櫂・掘り棒等）のほか、魚類・鳥類・哺乳類骨、栗の木を利用した杭・柱等の木材が多量に出土している。三内丸山は泥炭層を伴う集落遺跡で、直径1mを越える巨木を利用した掘立柱建造物をはじめ、居住地・墓地・役目を終えた品々の廃棄場（盛土・泥炭層をもつ谷ならびに段丘斜面の地域）などの各施設（遺構）が整然と配列され、計画的に集落の構成がなされた大集落遺跡である。,https://www.city.aomori.aomori.jp/bunkaisan/bunka-sports-kanko/bunka/bunka-geijutsu/inishie/bunkazai/01.html,
22012,1200100010,青森県,青森市,浪岡城跡,ナミオカジョウアト,,史跡,,青森県青森市浪岡大字五本松字松本;青森県青森市浪岡大字浪岡字五所ほか,40.717783,140.60706,0172-62-3004,-,-,青森市ほか,1940/2/10,,,,,戦国の豪族北畠氏の居城跡,戦国の豪族北畠氏の居城。浪岡地区中心部の東方、浪岡川と正平津川の合流点右岸段丘面に築かれた平城。築城は15世紀後半の4代顕義のころとされる。北畠氏は建武の新政（1334～36）に活躍した北畠親房の子孫。「御所」の敬称で呼ばれる。京都の公卿の日記にも登場。浪岡へは応永年間（1394～1428）に来住、岩手県閉伊地方に住んでいたのを南部氏が津軽支配にその権威を利用しようとして連れてきたといわれる。　浪岡城は東側から新館、東館、猿楽館、北館、内館、西館、検校館の7郭と発掘によって発見された無名の館で構成されており、（指定面積は約13万6千m2）城跡は20数年の発掘調査で復原が試みられ、史跡公園として整備されている。内館が城主の居住した館で、他の館に武家屋敷の建物があり、堀が各館を分ける。　出土物4万点の中に陶磁器が1万6千点、その半数以上が中国製で、北畠氏の文化の高さを示す。また北畠氏の特別の権威を示す中国製茶壷もある。浪岡城は天正6年（1578）大浦為信によって落城した。 ,https://www.city.aomori.aomori.jp/bunkaisan/bunka-sports-kanko/bunka/bunka-geijutsu/inishie/bunkazai/01.html,
22012,1200100011,青森県,青森市,小牧野遺跡,コマキノイセキ,,史跡,,青森県青森市大字野沢字小牧野,40.737428,140.727889,017-718-1392,-,-,青森市ほか,1995/3/17,,,,,縄文時代後期の環状列石（ストーン・サークル）を中心とする遺跡,縄文時代後期の環状列石（ストーン・サークルとも言う）を中心とする遺跡。平成元年（1989）に青森山田高校の葛西勵・高橋潤等の発掘によって構造が明らかとなり、翌2 年から青森市教育委員会が調査及び管理と整備を受け継いでいる。　発見された環状列石は中央の組石を中心に内帯・外帯の三重の輪に加え、一部四重となっており、その主体部は斜面上に造成された地形を利用し配石されている。さらに数十個の石を円形に配石した特殊組石や、外帯から延びる数条の直線状並びに弧状を示す配石なども見られる。なお、環状列石の直径は、最大で55mを測る。縄文時代後期の大型壷形土器（土器棺）・赤色切断壷形土器をはじめとする十腰内1式土器・石器・石製品（三角形岩版等）・土製品（土偶・鐸形土製品等）のほか、列石内の覆土から続縄文時代の土器が出土している。,https://www.city.aomori.aomori.jp/bunkaisan/bunka-sports-kanko/bunka/bunka-geijutsu/inishie/bunkazai/01.html,
22012,1200100012,青森県,青森市,高屋敷館遺跡,タカヤシキダテイセキ,,史跡,,青森県青森市浪岡大字高屋敷字野尻,40.736554,140.584037,017-718-1392,-,-,青森市,2001/1/29,,,,,10世紀後半から12世紀前半にかけて形成された古代環濠集落,高屋敷館遺跡は、大釈迦川西岸の梵珠山地に連なる標高35～45ｍの段丘状に立地する。発掘調査の結果、本遺跡は10世紀後半から12世紀前半にかけて形成された古代環濠集落であり、文献記録の少ない北日本にあっては当時の社会状況を理解する上で重要な遺跡である。特に生活住居である竪穴建物跡を内包した環濠と土塁の存在から、当時の社会が緊張関係にあったと想定されている。「蝦夷」と呼ばれた人々の具体的歴史を解明する上で極めて重要である。 ,https://www.city.aomori.aomori.jp/bunkaisan/bunka-sports-kanko/bunka/bunka-geijutsu/inishie/bunkazai/01.html,
22012,1200100013,青森県,青森市,青森県立郷土館（旧青森銀行本店）,アオモリケンリツキョウドカン,,登録有形文化財,,青森県青森市本町2-8-14,40.827227,140.748567,017-777-1585,1,棟,青森県,2004/2/17,,,,,株式会社第五十九銀行青森支店として造られた建物,昭和6年に株式会社第五十九銀行青森支店として造られた昭和初期の鉄筋コンクリート造の建物である。　設計は、重要文化財「旧第五十九銀行本店本館」の設計者堀江佐吉の七男、堀江幸治によるもので、柱を建物全体のデザインとして取り入れ、余分な装飾はせず、古典主義建築の骨格を保持しつつ細部装飾を省略した、本県を代表するモダニズム建築である。　営業室の各柱上部のレリーフや、階段室の手すり部分に使われているエンブレムなどは、旧第五十九銀行本店本館に使用されたものと同じ意匠が使われている。 ,https://www.city.aomori.aomori.jp/bunkaisan/bunka-sports-kanko/bunka/bunka-geijutsu/inishie/bunkazai/01.html,
22012,1200100014,青森県,青森市,旧増川営林署庁舎（展示館しょうわ）,キュウマスカワエイリンショチョウシャ（テンジカンショウワ）,,登録有形文化財,,青森県青森市浪岡大字女鹿沢字野尻14-134,40.7187613,140.5757306,0172-62-2321,1,棟,個人,2022/10/31,,,,12月～3月冬季休館,増川営林署庁舎として造られた建物,元は津軽海峡に東面した営林署の洋風庁舎。平屋建、切妻造金属板葺、正面北寄りに玄関棟を張出して切妻造ポーチを備え、内部は大きな事務室。外壁は下見板張で縦長窓を並べ、妻壁は漆喰仕上に半円アーチ形窓を開けてスクラッチタイルで縁取り、意匠に凝る。　昭和37年頃に西側へ署長室等増築、平成20年に外ヶ浜町から移築し、署長室等一部撤去して中二階を設けた。展示館として活用。 ,https://www.city.aomori.aomori.jp/bunkaisan/bunka-sports-kanko/bunka/bunka-geijutsu/inishie/bunkazai/01.html,
22012,1200100015,青森県,青森市,郁田流箏曲,イクタリュウソウキョク,,国選択記録作成等の措置を講ずべき無形文化財,,青森県青森市,,,,-,-,個人,1980/4/4,,,,,津軽に伝流した箏曲,箏組歌の16曲を主体として、付け物（褒美の曲）として段物の9曲を伝承する。江戸・上方で行われる曲と同名であっても内容や奏法に違いがあるばかりでなく、津軽にしか伝承されていない楽曲も数曲ある。箏曲の歴史を解明する上でも貴重な流派である。明和か天明のころ（1764～1788）、生田検校の弟子であったという曽呂都が弘前に来て伝えた流派である。初代よりの系譜も明らかであり、譜本、その他の史料も豊富に残されている。　現在、県技芸の保持者は、櫛引禮子、葛西洋子、葛西淑子（平成18年追加認定）の3名である。 ,https://www.city.aomori.aomori.jp/bunkaisan/bunka-sports-kanko/bunka/bunka-geijutsu/inishie/bunkazai/01.html,
22012,1200100016,青森県,青森市,徳川家康自筆日課念仏,トクガワイエヤスジヒツニッカネンブツ,,重要美術品,青森県立郷土館,青森県青森市本町2-8-14,40.827227,140.748567,017-777-1585,1,巻,個人,1933/12/14,,,,休館中,徳川家康自筆の念仏,巻末に添えた「東照公親筆陣中日課念仏百万遍一巻」とある由来書によれば、明治38年（1905）春、その筆者である八戸市光龍寺住職石川未逢が上京し、東京在住松岡操氏に請い、その所蔵する日課念仏を割愛されて帰り、これを数葉に分割し信者に配与したものである。そのうちの三点が本県で認定されている。　徳川家康が晩年に「南無阿弥陀仏」の名号を日課として書きつらねたものである。縦6段に名号を書きつらねている念仏の末行には「慶長十七子年七月朔日家康」とある。 ,https://www.city.aomori.aomori.jp/bunkaisan/bunka-sports-kanko/bunka/bunka-geijutsu/inishie/bunkazai/01.html,
22012,1200100017,青森県,青森市,石棒,セキボウ,,県重宝,,青森県青森市,,,,1,個,個人,1955/1/7,,,,,縄文時代中期ないし後期の遺物（弘前市南溜池畔出土）,文政10年（1827年）、弘前城下南溜池のほとりから出土し、時の藩主に献納され、次いで柿崎朝次郎の所有となり、代々引き継いで現在にいたる。両端に膨隆部を有し、両端から棒の中央部に向かって太さを増す。全面が研磨された優品である。,https://www.city.aomori.aomori.jp/bunkaisan/bunka-sports-kanko/bunka/bunka-geijutsu/inishie/bunkazai/01.html,
22012,1200100018,青森県,青森市,棟札,ムナフダ,,県重宝,青森県立郷土館,青森県青森市本町2-8-14,40.827227,140.748567,017-777-1585,1,枚,個人,1955/1/7,,,,休館中,室町時代前期の歴史資料,この棟札は八戸市松館にあった宮内観音堂で御堂の棟札とともに発見された。　銘は、「先御造永正平二十一年十一月十八日御造永明徳五年甲戌歳極月十二日」とある。　平朝臣守長が新山宮を再建したときの棟札である。明徳5年（1394）12月21日と記されているが、同年7月5日応永と改元されており、正しくは応永元年である。また、これより先の造営は正平21年（1366）であると記されている。明徳5年は、南部政光が南北朝合体により、甲斐の本領を離れ八戸根城に移ってきた年の翌年にあたる。付近にある根城南部氏の菩提寺大慈寺や松館川対岸の新山神社との関連が考えられる史料である。杉板を用いたもので、本県最古の棟札である。 ,https://www.city.aomori.aomori.jp/bunkaisan/bunka-sports-kanko/bunka/bunka-geijutsu/inishie/bunkazai/01.html,
22012,1200100019,青森県,青森市,蕨手刀,ワラビテトウ,,県重宝,青森県立郷土館,青森県青森市本町2-8-14,40.827227,140.748567,017-777-1585,1,口,青森県,1956/5/14,,,,休館中,奈良時代の刀の一種,奈良時代の刀の一種で、柄頭の形状が早蕨のように渦巻いた曲線を持つことから付いた名称である。　全国で250例近い出土例が確認されており、東北地方を中心に東日本に集中している。地域的、年代的にも「蝦夷」と呼ばれた人々が所有した刀と考えられている。　90年程前に出土したもので腐食が激しく、切先を失い、刀身にも2か所にわたって欠落が見られる。 ,https://www.city.aomori.aomori.jp/bunkaisan/bunka-sports-kanko/bunka/bunka-geijutsu/inishie/bunkazai/01.html,
22012,1200100020,青森県,青森市,縄文式尖底土器,ジョウモンシキセンテイドキ,,県重宝,青森県立郷土館,青森県青森市本町2-8-14,40.827227,140.748567,017-777-1585,,,県立名久井農業高校,1956/5/14,,,,休館中,茅山式土器の影響を強く受けた珍しい土器,口縁から底部にかけ2か所に段を有し、口頚部に横長の透かしをもつ。器面には横走の貝殻条痕と、ロ頚部には2ないし3段の刺突文が施されている。東北北部において、南関東の早期後半に位置づけられる茅山式土器の影響を強く受けた珍しい土器で ある。 ,https://www.city.aomori.aomori.jp/bunkaisan/bunka-sports-kanko/bunka/bunka-geijutsu/inishie/bunkazai/01.html,
22012,1200100021,青森県,青森市,亀ヶ岡式壷形丹漆塗土器,カメガオカシキツボガタニウルシヌリドキ,,県重宝,青森県立郷土館,青森県青森市本町2-8-14,40.827227,140.748567,017-777-1585,1,個,青森県,1956/5/14,,,,休館中,縄文時代晩期の土器（つがる市木造亀ケ岡出土）,口頚部が大きく外反した広ロの壷形土器である。口縁部と頚部に沈線が器体を巡り、 器面は内外とも丹漆で塗装された無文土器である。底は若干上げ底気味である。器形も美しく、当時の工芸技術の水準の高さを示す優品である。 ,https://www.city.aomori.aomori.jp/bunkaisan/bunka-sports-kanko/bunka/bunka-geijutsu/inishie/bunkazai/01.html,
22012,1200100022,青森県,青森市,縄文式土偶,ジョウモンシキドグウ,,県重宝,青森県立郷土館,青森県青森市本町2-8-14,40.827227,140.748567,017-777-1585,1,個,青森県,1956/5/14,,,,休館中,縄文時代晩期の土偶（三戸郡三戸町八日町出土）,中空の遮光器土偶である。脚部を欠失しているが、頭部・乳房・手の表現はすばらしい。下腹部は若干張り気味である。顔面並びに体部の文様は、浮彫状にC字及びX字の形に表され、磨消縄文と磨かれた滑沢面とが見事に調和している,https://www.city.aomori.aomori.jp/bunkaisan/bunka-sports-kanko/bunka/bunka-geijutsu/inishie/bunkazai/01.html,
22012,1200100023,青森県,青森市,古瀬戸瓶子,コセトヘイシ,,県重宝,,青森県青森市,,,,1,個,個人,1956/5/14,,,,,古瀬戸瓶子,わが国では釉をかけた焼き物に対して積極的な努力が見られるようになったのは鎌倉時代からで、宋の焼きものの影響を強く受けている。この種のわが国で作られた陶磁器を古瀬戸という。焼かれた時期は、鎌倉時代から室町時代にかけてであろう。本古瀬戸は、首、口が小さく作られ肩張りの強い瓶子で、素焼きの表面に印を捺して瑞花文を入れ、その上に透明な黄褐色がかった釉をかけたもので、釉がよくまわらないで素焼きの膚がそのまま出た部分もある。大正10年ごろ、青森市郊外の新井田川岸から出土したといわれる。おそらく青森県に現存する唯一の古瀬戸完形品であろう。,https://www.city.aomori.aomori.jp/bunkaisan/bunka-sports-kanko/bunka/bunka-geijutsu/inishie/bunkazai/01.html,
22012,1200100024,青森県,青森市,亀ヶ岡式壷形彩色土器,カメガオカシキツボガタサイシキドキ,,県重宝,青森県立郷土館,青森県青森市本町2-8-14,40.827227,140.748567,,1,個,個人,1956/5/14,,,,休館中,縄文時代晩期の土器（つがる市木造亀ヶ岡出土）,口頚部を半分失っているが、体部は肩が張り、底に4個の小突起をもっている。体部器面は、黒漆で塗装した上を、ベンガラを混ぜた漆で文様が描かれている。今なお、数千年前の色彩をとどめ、考古学資料として貴重であるとともに、当時の工芸技術水準の高さを示す優品である。 ,https://www.city.aomori.aomori.jp/bunkaisan/bunka-sports-kanko/bunka/bunka-geijutsu/inishie/bunkazai/01.html,
22012,1200100025,青森県,青森市,亀ヶ岡式壷形羽状縄文土器,カメガオカシキツボガタウジョウジョウモンドキ,,県重宝,青森県立郷土館,青森県青森市本町2-8-14,40.827227,140.748567,017-777-1585,1,個,青森県,1956/5/14,,,,休館中,縄文時代晩期の土器（つがる市木造亀ヶ岡出土）,小型の壷形土器で口縁の一部を欠いている。口頚部は無文で研磨され、体部は斜縄文を交互に6段施し、羽状縄文が形作られている。いわゆる、亀ヶ岡式土器に属する完形品であり、その形が優れているばかりでなく、胴部に施した羽状縄文も精巧を極め、美しく磨かれた頚部と調和している。 ,https://www.city.aomori.aomori.jp/bunkaisan/bunka-sports-kanko/bunka/bunka-geijutsu/inishie/bunkazai/01.html,
22012,1200100026,青森県,青森市,亀ヶ岡式浅鉢形台付土器,カメガオカシキアサバチガタダイツキドキ,,県重宝,青森県立郷土館,青森県青森市本町2-8-14,40.827227,140.748567,017-777-1585,1,個,青森県,1956/5/14,,,,休館中,縄文時代晩期～弥生時代前期の土器（つがる市木造亀ヶ岡出土）,底の部分が若干開く台部と、口縁に6個の山形突起ならびに変形工字文をもつ浅鉢が合体した土器である。器の内外面は研磨され滑沢面をなしている。大変、洗練された外観を有し、当時の工芸技術水準の高さを示す優品である。 ,https://www.city.aomori.aomori.jp/bunkaisan/bunka-sports-kanko/bunka/bunka-geijutsu/inishie/bunkazai/01.html,
22012,1200100027,青森県,青森市,木彫阿弥陀如来立像,モクチョウアミダニョライリツゾウ,,県重宝,,青森県青森市大字野内字菊川267,40.851271,140.819499,,1,躯,當古寺,1957/1/11,,,,,阿弥陀如来立像,寺伝によると元和7年（1621）に大阪から移され、本尊として安置されたものといわれる。鎌倉時代以降に流行した来迎印を結ぶ三尺阿弥陀如来立像で、踏割蓮華の台座に立つ。損傷や近世の補修によってやや印象が損なわれている部分もあるが、端正なお姿で、胴体正面の着衣の柔らかく繊細な衣文の表現など、確かな鎌倉時代の造像と推定される。 ,https://www.city.aomori.aomori.jp/bunkaisan/bunka-sports-kanko/bunka/bunka-geijutsu/inishie/bunkazai/01.html,
22012,1200100028,青森県,青森市,世界地図屏風,セカイチズビョウブ,,県重宝,,青森県青森市,,,,1,隻,個人,1958/1/22,,,,,江戸時代初期の世界地図を描いた屏風,世界地図を極彩色で六曲屏風に収めたものである。徳川時代の初頭にいわゆる南蛮人が将来した地図を原本として制作したもので、描写は精緻で布彩もすばらしい。所伝によると、徳川家康が当時三浦按針のもたらした世界地図を屏風に仕立て、居城を飾ったのが始まりといわれる。 ,https://www.city.aomori.aomori.jp/bunkaisan/bunka-sports-kanko/bunka/bunka-geijutsu/inishie/bunkazai/01.html,
22012,1200100029,青森県,青森市,縄文式注口土器,ジョウモンシキチュウコウドキ,,県重宝,青森県立郷土館,青森県青森市本町2-8-14,40.827227,140.748567,017-777-1585,1,個,青森県,1961/1/14,,,,休館中,縄文時代晩期の土器（岩手県ニ戸市釜浜・笛鮎出土）,急須形をなす大型の注口土器である。底面は丸みを持ち、体部が最大に張る箇所に、やや上向きの状態で注口が付き、正面突起の飾りと対をなしている。器体の全面は丁寧に磨かれており、上半分は浮彫りによるＸ字状並びに三叉文が施されている。その大きさと、文様の豪壮さは、古代工芸品としても、学術的にも優れたものである。 ,https://www.city.aomori.aomori.jp/bunkaisan/bunka-sports-kanko/bunka/bunka-geijutsu/inishie/bunkazai/01.html,
22012,1200100030,青森県,青森市,漆塗壷形土器,ウルシヌリツボガタドキ,,県重宝,青森県立郷土館,青森県青森市本町2-8-14,40.827227,140.748567,017-777-1585,1,個,青森県,1962/3/13,,,,休館中,縄文時代晩期の土器（つがる市木造亀ケ岡出土）,均整のとれた壷形土器で、器体外面と口縁の内面に丹漆が塗られている。ロ縁部に4個の小突起があり、その突起に連なる浮彫り装飾が見られる。底に4個の小突起が付けられ、脚の役目を果たしている。亀ヶ岡遺跡出土品のうち、四脚付壷型土器は珍しく、同型の漆塗土器の代表的な優品である。 ,https://www.city.aomori.aomori.jp/bunkaisan/bunka-sports-kanko/bunka/bunka-geijutsu/inishie/bunkazai/01.html,
22012,1200100031,青森県,青森市,勾玉,マガタマ,,県重宝,青森県立郷土館,青森県青森市本町2-8-14,40.827227,140.748567,017-777-1585,1,個,青森県,1962/3/13,,,,休館中,縄文時代晩期の土器（つがる市木造亀ケ岡出土）,縄文時代には、硬玉（翡翠）・蛇絞岩・碧玉・安山岩などの石を利用して垂飾品（玉類）を作り、身を飾った。中期には円形の玉を、後期はカツオ節状に、晩期は写真のように「く」または「コ」の字に似た形状へと変化する。硬玉製の勾玉は比較的珍しく、 本品のような形の整ったものは、勾玉中最高の部類に属する優品である。 ,https://www.city.aomori.aomori.jp/bunkaisan/bunka-sports-kanko/bunka/bunka-geijutsu/inishie/bunkazai/01.html,
22012,1200100032,青森県,青森市,日本刀無銘（伝備中古青江貞次作）,ニホントウムメイ（デンビッチュウコアオエサダツグサク）,,県重宝,青森県立郷土館,青森県青森市本町2-8-14,40.827227,140.748567,017-777-1585,1,口,青森県,1962/11/16,,,,休館中,鎌倉時代前期の日本刀,無銘（摺上）であるが、古青江としては非常に健全で、姿や地鉄、焼刃などが非常に優れており、津軽の資料的にも貴重である。 ,https://www.city.aomori.aomori.jp/bunkaisan/bunka-sports-kanko/bunka/bunka-geijutsu/inishie/bunkazai/01.html,
22012,1200100033,青森県,青森市,亀ヶ岡遺跡出土品（風韻堂）,カメガオカイセキシュツドヒン（フウインドウ）,,県重宝,青森県立郷土館,青森県青森市本町2-8-14,40.827227,140.748567,017-777-1585,60,点,青森県,1977/7/21,,,,休館中,縄文時代晩期の出土品（つがる市木造亀ケ岡出土）,青森県立郷土館に設けられた風韻堂コレクションの一部である。亀ヶ岡文化を代表する亀ケ岡遺跡の出土で、工芸的にも優れていることから、国内外より注目を集めている品々である。 ,https://www.city.aomori.aomori.jp/bunkaisan/bunka-sports-kanko/bunka/bunka-geijutsu/inishie/bunkazai/01.html,
22012,1200100034,青森県,青森市,縄文土器（狩猟文土器）,ジョウモンドキ（シュリョウモンドキ）,,県重宝,青森県立郷土館,青森県青森市本町2-8-14,40.827227,140.748567,017-777-1585,1,個,青森県,1990/3/16,,,,休館中,縄文時代後期の土器（八戸市田面木字韮窪出土）,口頚部に若干くびれをもつ深鉢形土器である。口縁に4個の相対する山形突起と、その突起間に2個を対にした小突起を配する。体部の下方に斜縄文を見るほかは全面が磨かれ、弓矢の図柄とその上部を細い粘土紐で三角形・円形・長方形などに区画している。体部中央には弓矢とその先に四足動物を、またワナ及び針葉樹を表した図柄が見られ、縄文時代の生業の一端を示す珍しい土器である。 ,https://www.city.aomori.aomori.jp/bunkaisan/bunka-sports-kanko/bunka/bunka-geijutsu/inishie/bunkazai/01.html,
22012,1200100035,青森県,青森市,円空作木造観音菩薩坐像,エンクウサクモクゾウカンノンボサツザゾウ,,県重宝,,青森県青森市浪岡大字北中野字天王21-2,40.711469,140.601726,,1,躯,西光院,1990/8/3,,,,,江戸時代前期の円空作の坐像,津軽地方の円空仏としては、比較的最近知られるようになった存在である。もともと西光院の檀家の元にあったもので、その当時仏壇に納めるため当初の台座部分を削り落としている。そのため、通常の円空の観音菩薩坐像に比べてバランスの悪い姿に見えている。また、傷んでいる部分もあり、表面には塗料が塗られてしまっていて制作当初の面貌を損ねている点は惜しまれるが、作風は津軽半島沿いの観音菩薩坐像とほぼ似通っている。 ,https://www.city.aomori.aomori.jp/bunkaisan/bunka-sports-kanko/bunka/bunka-geijutsu/inishie/bunkazai/01.html,
22012,1200100036,青森県,青森市,円空作木造観音菩薩坐像,エンクウサクモクゾウカンノンボサツザゾウ,,県重宝,,青森県青森市浪岡大字徳才子字山本5-8,40.758043,140.583627,,1,躯,元光寺,1997/5/14,,,,,江戸時代前期の円空作の坐像,近年まで梵珠山山頂の釈迦堂に安置されていたが、円空が本県に滞在した寛文年間からかどうかは不明である。像容の様式形式的特徴からは青森油川浄満寺像を造立直後の像とみられるが、浪岡町内にはもう一体円空仏が残されており、青森から弘前を経て秋田藩領へと向かう行程の途中この地での造像の可能性は極めて高い。よって、制作については当地での造像と、近隣で造像された後に梵珠山上に移安されたという二つの推定が可能である。図像様式とも円空の寛文年間青森県下及び北海道渡島地方で造像した観音菩薩坐像の特徴にすべて一致し、寛文7年（1667）夏以降における津軽半島造像と一連のものと判断される。この時期の円空仏の頭髪の表現には二種あるが、本像は髻（たぶさ）をあらわさない形式のもので、北海道江差町観音寺像や青森市油川浄満寺像、秋田県鷹巣町糠沢部落像と共通する比較的少ないタイプのものである。頭部に改修がみられ面貌に欠損が著しいなど尊容を損なっているが、寛文７年頃の青森県下における円空仏の特徴を顕著に現している。加えて津軽半島から秋田へかけての北国での円空の造像活動の、帰途ルートが推定できるなど、非常に意義深い。 ,https://www.city.aomori.aomori.jp/bunkaisan/bunka-sports-kanko/bunka/bunka-geijutsu/inishie/bunkazai/01.html,
22012,1200100037,青森県,青森市,木造舞楽面,モクゾウブガクメン,,県重宝,,青森県青森市問屋町1-18-28,40.791058,140.75491,,9,面,大星神社,1999/1/22,,,,,舞楽に使われた木造面,面が存在する大星神社は、藩政時代までは妙見社、妙見堂などと呼ばれていて、「津軽一統志」等によれば青森市内で最も古い縁起を持ち、江戸時代には藩の祈祷所として庇護を受けている。元和4年（1618）には同社を再建した2代藩主信枚が参詣し、以後も4代信政、9代寧親が再建するなど、藩が特に重要視した神社である。また、実際に妙見社を訪ねた菅江真澄の「栖家能山（すみかのやま）」の記述などにみられるように、これらの面には早くから坂上田村麿の北征にまつわる伝説などが付随している。その他同社に舞楽上演の文書記録はないものの、明治時代まで神楽殿が残っていたことは遺構からわかるが、舞楽を上演していたかどうかは明らかではない。また、抜頭面などに朱書きされた修復銘から江戸時代に伝来していた事実が確認される。地方に伝来したものとしては作風が極めて優れ、勇壮豪快で力強い表現は東北地方の最優作と考えられ、中世の面として全国的にも注目される存在である。地方の作と考えられるが、様式的には都ぶりの正統的な表現の系譜に属している。また、比較的多数の面がまとまって伝来しているため、これらを用いて七曲の舞楽が演じられていたことが判明することから、彫刻としてだけでなく青森県の芸能史を考える上でも重要な資料である。 ,https://www.city.aomori.aomori.jp/bunkaisan/bunka-sports-kanko/bunka/bunka-geijutsu/inishie/bunkazai/01.html,
22012,1200100038,青森県,青森市,木造能面,モクゾウノウメン,,県重宝,,青森県青森市問屋町1-18-27,40.791058,140.75491,,1,面,大星神社,1999/1/22,,,,,舞楽に使われた木造面,面が存在する大星神社は、藩政時代までは妙見社、妙見堂などと呼ばれていて、「津軽一統志」等によれば青森市内で最も古い縁起を持ち、江戸時代には藩の祈祷所として庇護を受けている。元和4年（1618）には同社を再建した2代藩主信枚が参詣し、以後も4代信政、9代寧親が再建するなど、藩が特に重要視した神社である。また、実際に妙見社を訪ねた菅江真澄の「栖家能山（すみかのやま）」の記述などにみられるように、これらの面には早くから坂上田村麿の北征にまつわる伝説などが付随している。その他同社に舞楽上演の文書記録はないものの、明治時代まで神楽殿が残っていたことは遺構からわかるが、舞楽を上演していたかどうかは明らかではない。また、抜頭面などに朱書きされた修復銘から江戸時代に伝来していた事実が確認される。地方に伝来したものとしては作風が極めて優れ、勇壮豪快で力強い表現は東北地方の最優作と考えられ、中世の面として全国的にも注目される存在である。地方の作と考えられるが、様式的には都ぶりの正統的な表現の系譜に属している。また、比較的多数の面がまとまって伝来しているため、これらを用いて七曲の舞楽が演じられていたことが判明することから、彫刻としてだけでなく青森県の芸能史を考える上でも重要な資料である。 ,https://www.city.aomori.aomori.jp/bunkaisan/bunka-sports-kanko/bunka/bunka-geijutsu/inishie/bunkazai/01.html,
22012,1200100039,青森県,青森市,旧坪田家住宅,キュウツボタケジュウタク,,県重宝,,青森県青森市浪岡大字浪岡字岡田43,40.714158,140.597115,,1,棟,青森市,2002/11/18,,,,,王余魚沢随一の豪農であった坪田家の住宅,坪田家の先祖は、戦国時代から江戸時代初めにかけて、近江(滋賀県)から津軽（王余魚沢）に移り住んだ商人で、旧大豆坂街道で「峠の茶屋」を営み、寛政年間（1789～1801）頃から農業をはじめ、幕末には王余魚沢随一の豪農となったといわれている。坪田家住宅は、寄棟茅葺屋根に木造軸組構法で、じょいと呼ばれる居間の奥に、整形四間取（同じ形・同じ大きさの部屋を４部屋もつこと）をもつ上層農家特有の住居形態と、「ちょうば（金銭を扱う場所）」をもつ商家の住居形態の両方を見ることができる建物である。また、「なかのま」と「まえのま」上の中二階部分に、切り上げ窓をもつ雪深い地区の農家住宅の特徴がよく保存されており、江戸時代末期の青森県を代表する建物である。 ,https://www.city.aomori.aomori.jp/bunkaisan/bunka-sports-kanko/bunka/bunka-geijutsu/inishie/bunkazai/01.html,
22012,1200100040,青森県,青森市,細隆起線文尖底深鉢形土器,サイリュウキセンモンセンテイフカバチガタドキ,,県重宝,青森県立郷土館,青森県青森市本町2-8-14,40.827227,140.748567,017-777-1585,1,点,青森県,2003/4/14,,,,休館中,縄文時代草創期の土器（上北郡六ヶ所村鷹架字発茶沢出土）,"この土器は縄文時代草創期のなかでも古い段階に属し、少なくとも10,000年前をはるかに超えるものであると考えられる。現在、草創期の遺物は全国各地で発掘されているが、他の時期に比べてきわめて少なく、本県では十指に達しない状況である。本県の歴史を顧みると、旧石器時代から縄文時代へと移行するものとして、蟹田町の大平山元I遺跡出土の無文土器群があり、国内最古の土器として注目されているが、表館(1)遺跡の細隆起線文尖底深鉢形土器はそれに次ぐものであり、完全な形に復元された優美な姿は縄文時代を代表する土器として各種の図録に掲載利用されており、県民の財産として県重宝に充分値する。 ",https://www.city.aomori.aomori.jp/bunkaisan/bunka-sports-kanko/bunka/bunka-geijutsu/inishie/bunkazai/01.html,
22012,1200100041,青森県,青森市,陸奥国津軽郡之絵図（正保国絵図写）,ムツノクニツガルグンノエズ（ショウホウクニノエズウツシ）,,県重宝,青森県立郷土館,青森県青森市本町2-8-14,40.827227,140.748567,017-777-1585,1,鋪,青森県,2011/4/6,,,,休館中,江戸時代中期の国絵図,江戸幕府による国絵図徴収事業は、大きく、慶長・正保・元禄・天保の4度行われた。ただし、慶長期は、西日本諸国の大名のみが対象とされたようである。この国絵図は、弘前藩が正保2年（1645）に幕府に提出した正本（清絵図）と副本の写しである。正保国絵図は、正本・副本とも明暦の大火（1657）等で消失し、現存していない。弘前藩では貞享2年（1685）に幕府に提出した正保国絵図の控から写しを作成した。それがこの絵図である。弘前藩が公的に作成した国絵図としては、現存する最古のものであり、津軽領全体を描いた絵図としても、最古級のものと考えられる。 ,https://www.city.aomori.aomori.jp/bunkaisan/bunka-sports-kanko/bunka/bunka-geijutsu/inishie/bunkazai/01.html,
22012,1200100042,青森県,青森市,鹿角製櫛（二ツ森貝塚出土）,ロッカクセイクシ（フタツモリカイヅカシュツド）,,県重宝,青森県埋蔵文化財調査センター,青森県青森市大字新城字天田内152の15（青森県埋蔵文化財調査センター）,40.827227,140.748567,017-777-1585,1,点,青森県,2013/4/17,,,,,二ツ森貝塚出土の遺物,二ツ森貝塚は上北郡七戸町字貝塚家ノ前(いえのまえ)にあり、小川原湖南西部に注ぐ七戸川（高瀬川）北岸の標高25～30ｍの段丘に位置する。東西約600ｍ、南北約170ｍの範囲を持つ本県最大の貝塚であり、平成10年1月16日付けで国史跡に指定されている。この鹿角製櫛は、昭和37年8月に道路改良工事に先だって青森県教育委員会が調査を行った際に、2号貝塚9区の第2貝層上部より発見されたもので、縄文時代前期末葉（約5千年前）のものと判断される。本品に施されたみごとな装飾は、本県を中心に縄文時代前期から中期にかけて繁栄した円筒土器文化の装身具のなかでは傑出したものであり、当時の人々の装飾観念、骨角製品の製作技術の高さをうかがわせるものとして重要である。 ,https://www.city.aomori.aomori.jp/bunkaisan/bunka-sports-kanko/bunka/bunka-geijutsu/inishie/bunkazai/01.html,
22012,1200100043,青森県,青森市,人物線刻石冠（近野遺跡出土）,ジンブツセンコクセッカン（チカノイセキシュツド）,,県重宝,青森県埋蔵文化財調査センター,青森県青森市大字新城字天田内152-15,40.840019,140.678315,,1,点,青森県,2013/4/17,,,,,近野遺跡出土の遺物,近野遺跡は、沖館川南岸の標高10～20ｍほどの段丘上にあり、特別史跡三内丸山遺跡の南東部に隣接している。平成15年８月に、県立美術館及び県道建設事業に先だって、青森県埋蔵文化財調査センターが発掘調査を行った際に、捨て場から出土した。その後、平成18年７月になってあらためて発掘調査報告書作成に向けて行っていた水洗い作業中に、人物線刻が確認された。石器に描かれた人物画としては、全国的にもきわめて希有な出土例であり、当時の精神文化を知るうえで貴重な資料である。 ,https://www.city.aomori.aomori.jp/bunkaisan/bunka-sports-kanko/bunka/bunka-geijutsu/inishie/bunkazai/01.html,
22012,1200100044,青森県,青森市,菅江真澄筆「外浜奇勝」,スガエマスミヒツ「ソトガハマキショウ」,,県重宝,青森県立郷土館,青森県青森市本町2-8-14,40.827227,140.748567,017-777-1585,1,冊,青森県,2014/4/2,,,,休館中,江戸時代後期の書物,「外浜奇勝」は、近世の旅行家菅江真澄（1754～1829）が、寛政8年（1796）から10年（1798）にかけて津軽に滞在したときに、各地の地理や景勝、動植物、考古資料、人々の生活習慣などを詳細に記したものであり、寛政8年（1796）ころに成立したと考えられる。菅江真澄の著書は、青森県の歴史・民俗学研究への活用を含め、広範な価値を持っており、青森県史編さん事業でも「青森県史民俗編 資料 南部」や「青森県史民俗編 資料 下北」の収録資料として取り上げられ、その豊かな内容は、高い評価を得ている。菅江真澄が津軽滞在中に書いた著作の中では、唯一現存する直筆本であり、希少性が極めて高いものである。,https://www.city.aomori.aomori.jp/bunkaisan/bunka-sports-kanko/bunka/bunka-geijutsu/inishie/bunkazai/01.html,
22012,1200100045,青森県,青森市,大平山元Ⅰ遺跡出土品,オオダイヤマモトイチイセキシュツドヒン,,県重宝,青森県立郷土館ほか,青森県青森市本町2-8-14ほか,40.827227,140.748567,017-777-1585,203,点,青森県ほか,2019/4/5,,,,休館中,縄文時代草創期の石器群（大平山元Ⅰ遺跡出土）,大平山元Ⅰ遺跡から出土している石器は、大型の石斧・掻器・彫器・尖頭器・石鏃・石刃などを特徴とする縄文時代草創期の「神子柴・長者久保石器群」と呼ばれるものである。これらには掻器・彫器・石刃など旧石器時代の伝統を残す石器が多くみられるが、石鏃や土器のような縄文時代に特徴的な遺物もみられ、旧石器時代から縄文時代への移行期の様相をよく示す一括資料である。神子柴・長者久保石器群に位置づけられる遺物は全国的にあまり多く確認されておらず、本県においても東北町長者久保遺跡出土資料など、４遺跡が知られているだけである。また、本遺跡から出土した無文土器は列島最古段階の土器である点においてもきわめて貴重な資料といえる。 ,https://www.city.aomori.aomori.jp/bunkaisan/bunka-sports-kanko/bunka/bunka-geijutsu/inishie/bunkazai/01.html,
22012,1200100046,青森県,青森市,木造部額面及び龍頭,モクゾウブガクメンオヨビリュウトウ,,県重宝,青森県立郷土館,青森県青森市本町2-8-14,40.827227,140.748567,017-777-1585,11,面,個人,2021/2/1,,,,休館中,舞楽に使用された木造面,本資料は、南部町斗賀神社内にある厨子両脇の木箱内に収められていたが、現在は青森県立郷土館に寄託され、保管されている。舞楽面及び猿楽面は、「斗賀の霊現堂」と呼ばれているお堂に関わる行事で使用されていたと考えられ、造形及び技法より鎌倉時代末ないし南北朝時代（14世紀）及び南北朝時代（15世紀から16世紀）の作と考えられる。猿楽面は16世紀の作である。また、併せて舞楽を上演する際に舞台の四隅に立て、幡を吊るす龍頭が4個あり、当該舞楽面と併せて使用したものと考えられる。鎌倉時代の作と推定される面は、はっきりとした面相、眉間や頬の筋肉を強調した表現等、奥行き感や立体感があり、全体のバランスが良い。龍頭は、一材から掘出され、棒状の軸端に龍頭を表している。目から鼻先にかけて細かく造作している。舞楽を上演する舞台の四隅に立て幡を吊るした中世の龍頭が4点そろって残っているのは、全国でもほかに1例(京都府宮津市籠(この)神社)しかなく、史料等の裏付けはないものの、龍頭の存在から明らかに実際に使用されていたものと思われる。現況では県内最多の点数で、青森県下では青森市大星神社の9面、弘前市岩木山神社の3面、八戸市櫛引八幡宮の9面の三社伝来舞楽面(いずれも県重宝)に次ぐ中世の面で、その作風も地方色はあるが一定の水準にある。 ,https://www.city.aomori.aomori.jp/bunkaisan/bunka-sports-kanko/bunka/bunka-geijutsu/inishie/bunkazai/01.html,
22012,1200100047,青森県,青森市,木造部額面及び龍頭,モクゾウブガクメンオヨビリュウトウ,,県重宝,青森県立郷土館,青森県青森市本町2-8-14,40.827227,140.748567,017-777-1585,1,面,個人,2021/2/1,,,,休館中,猿楽に使用された木造面,本資料は、南部町斗賀神社内にある厨子両脇の木箱内に収められていたが、現在は青森県立郷土館に寄託され、保管されている。舞楽面及び猿楽面は、「斗賀の霊現堂」と呼ばれているお堂に関わる行事で使用されていたと考えられ、造形及び技法より鎌倉時代末ないし南北朝時代（14世紀）及び南北朝時代（15世紀から16世紀）の作と考えられる。猿楽面は16世紀の作である。また、併せて舞楽を上演する際に舞台の四隅に立て、幡を吊るす龍頭が4個あり、当該舞楽面と併せて使用したものと考えられる。鎌倉時代の作と推定される面は、はっきりとした面相、眉間や頬の筋肉を強調した表現等、奥行き感や立体感があり、全体のバランスが良い。龍頭は、一材から掘出され、棒状の軸端に龍頭を表している。目から鼻先にかけて細かく造作している。舞楽を上演する舞台の四隅に立て幡を吊るした中世の龍頭が4点そろって残っているのは、全国でもほかに1例(京都府宮津市籠(この)神社)しかなく、史料等の裏付けはないものの、龍頭の存在から明らかに実際に使用されていたものと思われる。現況では県内最多の点数で、青森県下では青森市大星神社の9面、弘前市岩木山神社の3面、八戸市櫛引八幡宮の9面の三社伝来舞楽面(いずれも県重宝)に次ぐ中世の面で、その作風も地方色はあるが一定の水準にある。 ,https://www.city.aomori.aomori.jp/bunkaisan/bunka-sports-kanko/bunka/bunka-geijutsu/inishie/bunkazai/01.html,
22012,1200100048,青森県,青森市,木造部額面及び龍頭,モクゾウブガクメンオヨビリュウトウ,,県重宝,青森県立郷土館,青森県青森市本町2-8-14,40.827227,140.748567,017-777-1585,4,点,個人,2021/2/1,,,,休館中,舞楽を上演する際に四隅に建てた龍頭,本資料は、南部町斗賀神社内にある厨子両脇の木箱内に収められていたが、現在は青森県立郷土館に寄託され、保管されている。舞楽面及び猿楽面は、「斗賀の霊現堂」と呼ばれているお堂に関わる行事で使用されていたと考えられ、造形及び技法より鎌倉時代末ないし南北朝時代（14世紀）及び南北朝時代（15世紀から16世紀）の作と考えられる。猿楽面は16世紀の作である。また、併せて舞楽を上演する際に舞台の四隅に立て、幡を吊るす龍頭が4個あり、当該舞楽面と併せて使用したものと考えられる。鎌倉時代の作と推定される面は、はっきりとした面相、眉間や頬の筋肉を強調した表現等、奥行き感や立体感があり、全体のバランスが良い。龍頭は、一材から掘出され、棒状の軸端に龍頭を表している。目から鼻先にかけて細かく造作している。舞楽を上演する舞台の四隅に立て幡を吊るした中世の龍頭が4点そろって残っているのは、全国でもほかに1例(京都府宮津市籠(この)神社)しかなく、史料等の裏付けはないものの、龍頭の存在から明らかに実際に使用されていたものと思われる。現況では県内最多の点数で、青森県下では青森市大星神社の9面、弘前市岩木山神社の3面、八戸市櫛引八幡宮の9面の三社伝来舞楽面(いずれも県重宝)に次ぐ中世の面で、その作風も地方色はあるが一定の水準にある。 ,https://www.city.aomori.aomori.jp/bunkaisan/bunka-sports-kanko/bunka/bunka-geijutsu/inishie/bunkazai/01.html,
22012,1200100049,青森県,青森市,鰐口正平廿一年三月三日銘,ワニグチショウヘイニジュウイチネンサンガツミッカメイ,,県重宝,青森県立郷土館,青森県青森市本町2-8-14,40.827227,140.748567,017-777-1585,1,口,個人,2021/2/1,,,,休館中,現存する鰐口としては県内最古で最大,青銅鋳造式。鼓面はやや盛り上がり、周縁は二重陽鋳線で縁取られる。三重線の圏界線により、外区・内区に区画され、内区と撞座区は二重線で区画される。撞座は十六葉の蓮華紋を陽鋳する。　銘文は表に陽鋳される。裏に銘文はない。外区 右：「正平廿一年三月三日」 外区 左：「大旦那大信朋尊」。本資料は、近代以前、南部町の「凉現山新禅寺」、「霊現山新源寺」、「霊現観音」、「斗賀観音」、「霊現堂」などと呼ばれていたお堂で使用されていたものである。現存する鰐口としては、県内最古で最大の鰐口である。正平21年(1366)は南朝年号で、北朝の貞治２年にあたる。南朝年号をもつ遺物が少ない本県にとって貴重な資料である。 ,https://www.city.aomori.aomori.jp/bunkaisan/bunka-sports-kanko/bunka/bunka-geijutsu/inishie/bunkazai/01.html,
22012,1200100050,青森県,青森市,津軽箏曲郁田流,ツガルソウキョクイクタリュウ,,県技芸,,青森県青森市,,,,-,-,個人,1981/9/26,,,,,津軽に伝流した箏曲,箏組歌の16曲を主体として、付け物（褒美の曲）として段物の9曲を伝承する。江戸・上方で行われる曲と同名であっても内容や奏法に違いがあるばかりでなく、津軽にしか伝承されていない楽曲も数曲ある。箏曲の歴史を解明する上でも貴重な流派である。明和か天明のころ（1764～1788）、生田検校の弟子であったという曽呂都が弘前に来て伝えた流派である。初代よりの系譜も明らかであり、譜本、その他の史料も豊富 に残されている。現在、県技芸の保持者は、平成18年に追加認定された櫛引禮子、葛西洋子、葛西淑子の3名である。 ,https://www.city.aomori.aomori.jp/bunkaisan/bunka-sports-kanko/bunka/bunka-geijutsu/inishie/bunkazai/01.html,
22012,1200100051,青森県,青森市,青森の刺しこ着,アオモリノサシコギ,,県有形民俗文化財,,青森県青森市,,,,1014,点,青森市,2000/1/19,,,,,こぎん刺しでぬった着物,青森県は寒冷地のため綿花の栽培は行われず、収入の乏しい農民にとっては木綿布を手に入れるのは困難であった。また、農家倹約分限令という衣食全般にわたっての制限があり、農民は古来からの麻布衣の生活を長い間余儀なくされ、津軽では明治の中頃まで続いた。その麻布衣の補強と保温性を高めることを目的として木綿糸等で刺しつづったのが刺しこ着である。特に、本資料に見られるような独自の模様を展開させながら刺しつづる技法は、他に類例を見ない独特なものであり、南部地方の「菱刺し」や津軽地方の「こぎん」は、用を足すという範囲を超えて芸術的と称されている。また、本資料はごく普通の人々によって過酷な労働と制約の中から生み出されたものであって、芸術性のみでは論じ尽くせない奥深い内容を伴っている。これらの刺しこ着は、歴史・経済・文化・技術・芸術・女性史などの各方面から判断しても、江戸時代から昭和初期にかけての青森県内の農民・漁民の仕事着をほぼ外観できる大変に貴重な資料である。 ,https://www.city.aomori.aomori.jp/bunkaisan/bunka-sports-kanko/bunka/bunka-geijutsu/inishie/bunkazai/01.html,
22012,1200100052,青森県,青森市,高田獅子（鹿）踊,タカダシシ（シカ）オドリ,,県無形民俗文化財,,青森県青森市大字高田,,,,-,-,高田獅子踊保存会,1961/1/14,,,,,青森市高田地区に伝わる伝統舞踊,獅子踊は、津軽地方で広く行われており、一人立三匹獅子で、一般的には三匹の獅はそれぞれ雄獅子、雌獅子、中獅子と呼ばれ、これにオカシコと呼ばれる道化役の先導が付く。いつごろか熊獅子と鹿獅子に分類されるようになり、一般的に熊獅子は角が短角であり、鹿獅子は角が枝分かれしている。高田獅子踊りは熊野宮、庭先、新築の家の前において踊られる。春には豊作を祈願 し、秋には豊作を祝い踊る。屋固めなどの祝儀でも踊るが、中でも重要なのは盆の14日の踊りである。踊り手は雄獅子、女獅子、子獅子、お可笑からなり、演目は追い込み（舞始め）、橋渡り、山越えである。伝承者は「ハヤブサのように斜めに地を駆けて踊る」というように、敏捷で勇壮な所作で踊り、巧みな音頭掛けとはやしに特色がある。創始に関 していくつかの伝承がある。すなわち、青森市を流れる荒川を改修工事に来た津軽藩士から習得したというもの、地区の旧家である斎藤家の初代喜助が文政か天保のころ （1800年代）に隣村の大別内から習ったというものである。 ,https://www.city.aomori.aomori.jp/bunkaisan/bunka-sports-kanko/bunka/bunka-geijutsu/inishie/bunkazai/01.html,
22012,1200100053,青森県,青森市,吉野田獅子（鹿）踊,ヨシノダシシ（シカ）オドリ,,県無形民俗文化財,,青森県青森市浪岡大字吉野田,,,,-,-,吉野田獅子踊保存会,1961/1/14,,,,,青森市浪岡吉野田地区に伝わる伝統舞踊,踊り手は男獅子2、女獅子、笑可児からなり、演目は追い込み、橋かけ、山かけ、注連縄、山担ぎ、女獅子狂い、和楽、暇乞がある。胡蝶のように可憐に踊るのが特色であるといわれる。由来としては南北朝時代に、初代浪岡城主北畠顕成が築城に際し、領地内の平和と五穀豊穣の祈願のため京都から招いたとされる。 ,https://www.city.aomori.aomori.jp/bunkaisan/bunka-sports-kanko/bunka/bunka-geijutsu/inishie/bunkazai/01.html,
22012,1200100054,青森県,青森市,額,ガク,,市指定有形文化財,,青森県青森市問屋町1-18-27,40.791058,140.75491,,1,枚,大星神社,1962/10/26,,,,,大星神社の社号である「妙見堂」の文字が記された額,大星神社は、青森市内で最も古い縁起を持つ神社として、古くから崇敬を集めている。指定物件は、津軽藩九代藩主寧親の真筆で、社号である「妙見堂」の文字が記されており、文化6年(1809)蝦夷地警備を命ぜられた際に、社殿を再建し、国家安泰を祈願し、奉納したものである。また、境内には見事な枝垂桜があり、一般の人々に広く親しまれてきた。なお、木造舞楽面9面うち8面と木造能面1面は、学術的価値が高いことから、平成11年1月22日に市指定有形文化財指定解除となり、県重宝に指定された。,https://www.city.aomori.aomori.jp/bunkaisan/bunka-sports-kanko/bunka/bunka-geijutsu/inishie/bunkazai/01.html,
22012,1200100055,青森県,青森市,井戸茶碗,イドチャワン,,市指定有形文化財,,青森県青森市,,,,1,個,個人,1962/10/26,,,,,朝鮮、李朝時代に作られた碗形陶器,高麗茶碗の一種である指定物件は、朝鮮、李朝時代に作られた碗形陶器で、桃山時代以降、茶道で抹茶茶碗として用いられた。明治3年(1870)頃、斗南藩が県内で米を買い集めたとき、青森市に居住していた現所有者の先代がそれに援助尽力したので、当時の松平斗南藩知事からその謝礼に本茶碗を送られたものと伝えられている。なお、この茶碗には玉室和尚の墨跡がついている。,https://www.city.aomori.aomori.jp/bunkaisan/bunka-sports-kanko/bunka/bunka-geijutsu/inishie/bunkazai/01.html,
22012,1200100056,青森県,青森市,木彫釈迦牟尼如来座像（円空作）,モクチョウシャカムニニョライザゾウ（エンクウサク）,,市指定有形文化財,,青森県青森市大字油川字大浜249-1,40.851667,140.697153,,1,躯,浄満寺,1963/10/25,,,,,江戸時代初期の遊行僧円空作の坐像,江戸時代初期の遊行僧円空の作品である。円空は若くして母を洪水で亡くし、その供養のため仏門に入り、30歳を過ぎてから布教伝道により庶民の嘆き苦しみを救おうと、辺境の地を巡ったと伝えられている。その足跡には数多くの作仏が残され、青森県内では十数体発見されている。円空仏の特徴は、一本の素木をそのまま鉈で裁ち彫り上げ、仏像彫刻の伝統にとらわれないところにあるといわれているが、この像にも無限の生命感があり、素朴さと暖かさの中に祈りの心が秘められている。指定物件は、円空の比較的初期の作と考えられており、宗教的信仰と慈悲の心が率直明快に表現された貴重な作品である。,https://www.city.aomori.aomori.jp/bunkaisan/bunka-sports-kanko/bunka/bunka-geijutsu/inishie/bunkazai/01.html,
22012,1200100057,青森県,青森市,掛軸「見返りの松」,カケジク「ミカエリノマツ」,,市指定有形文化財,,青森県青森市本町1-5-5,40.825225,140.748506,,3幅1組,,蓮心寺,1967/6/26,,,,,蓮心寺の庭の松が描かれた掛け軸,指定物件は安政2年(1855)、蓮心寺10世住職智海師【ちかいし】が京都の画家塩川文鵬に、蓮心寺の庭の松を写生させたものである。画題の松は蓮心寺開祖敬念上人【きょうねんしょうにん】により植えられたもので、明治9年(1876)7月明治天皇がご来青の時に、あまりの見事さに何度も振り返って眺めたということから「見返りの松」と呼ばれるようになった。しかしこの松は、残念がら明治43年(1910)5月3日の大火により焼失した。この掛軸は、青森市の歴史的一面を伝える郷土資料として貴重なものである。,https://www.city.aomori.aomori.jp/bunkaisan/bunka-sports-kanko/bunka/bunka-geijutsu/inishie/bunkazai/01.html,
22012,1200100058,青森県,青森市,法華堂茶釜,ホッケドウチャガマ,,市指定有形文化財,,青森県青森市本町1-5-12,40.825134,140.748226,,1,個,蓮華寺,1967/6/26,,,,,胴部に「法華堂」という文字が書かれた茶釜,指定物件は、元禄後期に作製されたものと推定され、胴部の「法華堂」という文字は、中国の儒学者朱舜水【しゅしゅんすい】の書とされている。この茶釜は、水戸光圀の愛用していたものを水戸藩儒学者藤田東湖が拝領し、蓮華寺第26世住職角田堯現が東湖のもとで学び、帰郷の際に賜ってきたものといわれている。朱舜水は明朝復興に失敗し、万次2年(1659)日本へ亡命帰化した人で、徳川光圀に迎えられ、水戸学の発達に貢献している。,https://www.city.aomori.aomori.jp/bunkaisan/bunka-sports-kanko/bunka/bunka-geijutsu/inishie/bunkazai/01.html,
22012,1200100059,青森県,青森市,狛犬,コマイヌ,,市指定有形文化財,,青森県青森市大字入内字駒田,40.729409,140.715198,,1,対,小金山神社,1972/6/30,,,,,狛犬,薄緑色したこの一対の狛犬は、寛文5年(1665)に越前国新保の中村新兵衛から寄進されたもので、それぞれの右足にそのことが彫字されている。指定物件の特徴は、頭髪が垂れ下がっているところである。狛犬の石の材質は、福井市足羽山【あすわやま】産出の凝灰岩の一種、笏谷石であるという。開港以来四十年という歴史の浅い当時の青森港と、北陸地方との交易、海運事情を解明する上でも貴重な存在である。なお、隣接の観音堂は、津軽三十三観音の第二十四番札所で信仰を集めているところである。,https://www.city.aomori.aomori.jp/bunkaisan/bunka-sports-kanko/bunka/bunka-geijutsu/inishie/bunkazai/01.html,
22012,1200100060,青森県,青森市,木彫阿弥陀如来坐像,モクチョウアミダニョライゾウ,,市指定有形文化財,,青森県青森市大字奥内字宮田37,40.887084,140.674893,,1,躰,清岸寺,1973/8/3,,,,,木彫阿弥陀如来坐像,寺伝によると、指定物件は、聖徳太子が生母供養のために彫ったもので、江戸時代徳川五代将軍綱吉の生母桂昌院によって法隆寺から江戸に移され、戦後、芝の増上寺から清岸寺に下付されたものといわれている。指定物件は木像で全体に金箔が塗られ、背には舟形光背を負った寄木造りの座像である。印相は十巻抄という「定印」または「開敷蓮」と言われるもので、真言密教の経軌となっている。衣紋は両肩を蔽い、その線は大小の波が翻転するような彫痕から翻波式と呼ばれ、青森市内でこの型式は他に類例がない。光背には瑞雲がかかり、その先端には燭懸大二、小二が備わり火が灯されると、嵩厳な雰囲気に包まれる。,https://www.city.aomori.aomori.jp/bunkaisan/bunka-sports-kanko/bunka/bunka-geijutsu/inishie/bunkazai/01.html,
22012,1200100061,青森県,青森市,土偶,ドグウ,,市指定有形文化財,,青森県青森市,,,,1,個,個人,1980/4/28,,,,,青森市浪岡大字五本松字羽黒平地内で出土した土偶,指定物件は、青森市浪岡大字五本松字羽黒平地内で、明治時代に出土したと言われている。腕を組み立ち膝する特殊な形で出土例もたいへん少なく、当時の精神文化を知る上で貴重な資料である。,https://www.city.aomori.aomori.jp/bunkaisan/bunka-sports-kanko/bunka/bunka-geijutsu/inishie/bunkazai/01.html,
22012,1200100062,青森県,青森市,延文二年銘の碑,エンブンニネンメイノヒ,,市指定有形文化財,,青森県青森市大字宮田字玉水65,40.83898,140.830984,,1,基,念心寺,1981/7/31,,,,,弥陀三尊の種子が刻まれている板碑,青森市に存する数少ない板碑の1つであり、弥陀三尊（キリーク、サ、サク）の種子の下に延文二季(1357)の紀年名が刻まれている。金石文として、中世の文献資料が極めて少ない当地方史上極めて重要である。また、津軽地方の板碑の種子はバン（金剛界大日如来）が圧倒的に多いが、この碑は関東の武蔵型板碑に多いキリーク（弥陀三尊）が刻まれているのも特徴的である。東岳の安山岩で製作されているが、当時この地域に板碑を建立できるだけの経済力を持った豪族・名主等がいたことがうかがえ、歴史的資料としても貴重である。,https://www.city.aomori.aomori.jp/bunkaisan/bunka-sports-kanko/bunka/bunka-geijutsu/inishie/bunkazai/01.html,
22012,1200100063,青森県,青森市,石器土器図絵六曲屏風,セッキドキズエロッキョクビョウブ,,市指定有形文化財,,青森県青森市,,,,1,双,個人,1980/11/21,,,,,土岐蓑虫の筆による屏風,作者の「土岐蓑虫」は、美濃国（岐阜県）に天保7年（1836）に生まれ、嘉永2年（1849）から明治29年（1896）まで漂泊の生活を送った。自製の野宿用テントを持って移動したので、自ら「蓑虫」と称した。明治11年（1878）秋、青森県に来訪し、津軽に長期間滞在した。青森県つがる市（旧木造町）の亀ヶ岡遺跡を度々訪ね、出土品の収集と発掘を行っている。この屏風絵は、明治前半に描かれたもので、考古学的な資料としても貴重である。,https://www.city.aomori.aomori.jp/bunkaisan/bunka-sports-kanko/bunka/bunka-geijutsu/inishie/bunkazai/01.html,
22012,1200100064,青森県,青森市,石器図絵屏風・土器図絵屏風,セッキズエビョウブ・ドキズエビョウブ,,市指定有形文化財,,青森県青森市,,,,各半双,,個人,1983/11/21,,,,,土岐蓑虫の筆による屏風,「石器土器図絵六曲屏風」と同様、土岐蓑虫の筆によるものである。両者とも、モチーフが似ているが屏風各図での遺物の組み合わせや配置に差が見られる。いずれにせよ、ほぼ同時期に描かれたものであると推察される。,https://www.city.aomori.aomori.jp/bunkaisan/bunka-sports-kanko/bunka/bunka-geijutsu/inishie/bunkazai/01.html,
22012,1200100065,青森県,青森市,波状文四耳壷,ハジョウモンシジコ,,市指定有形文化財,,青森県青森市,,,,1,個,個人,1983/11/21,,,,,13世紀頃の珠洲（現在の石川県）系の陶器,13世紀頃の珠洲（現在の石川県）系の陶器である。釉薬（うわぐすり）をかけない焼きしめの壷で、櫛で胴部の上半に波状の文様が横方向に描かれている。肩には、4ヶ所に横向きの耳（取っ手状のもの）がつく。源常平遺跡の南の斜面（源常館の空壕の周囲）から出土したとされ、当時の日本海を経た交易が推測される。,https://www.city.aomori.aomori.jp/bunkaisan/bunka-sports-kanko/bunka/bunka-geijutsu/inishie/bunkazai/01.html,
22012,1200100066,青森県,青森市,森山弥七郎供養碑,モリヤマヤシチロウクヨウヒ,,市指定有形文化財,,青森県青森市大字油川字大浜249-1,40.851667,140.697153,,1,基,浄満寺,1991/8/20,,,,,青森のまちづくりに携わった森山弥七郎の供養碑,指定物件は、湊町青森のまちづくりに携わった森山弥七郎を供養するために建立された石碑である。弘前藩主二代津軽信枚は、寛永2年(1625)、幕府より津軽から江戸への廻船運航を許可された。翌、寛永3年（1626）4月には、家臣森山弥七郎に青森のまちづくりを命じた。新たに開かれた湊町青森には、積極的な人寄と、10年間の年貢等の免除、また外浜（そとがはま）一帯の商船を集中させるなど、藩主導によるまちづくりが進められた。この供養碑は当初、油川村の寺内野（現在の青森市立油川中学校校庭付近）に建立され、昭和10年(1935)青森飛行場建設により野木和公園入口付近へ移転された。その後、昭和23年(1948)に油川町民の手で現在の浄満寺境内に移されたものである。供養碑の建立年代は特定できないが、外浜の中心港を、それまでの大浜（油川）から青森へ移転させたことを考えると、当地の人々が建立したとは考えにくい。一説によれば、3代目弥七郎が油川湊目付を務めた際に、先々代の遺徳を偲んで建立したものとも言われている。しかしながら、この供養碑は、青森開港の恩人と言われる森山弥七郎と深い関わりがあることだけは確かであり、江戸初期の青森を物語る貴重な文化財である。,https://www.city.aomori.aomori.jp/bunkaisan/bunka-sports-kanko/bunka/bunka-geijutsu/inishie/bunkazai/01.html,
22012,1200100067,青森県,青森市,歩兵第五聯隊第二大隊遭難記念碑（八甲田山雪中行軍遭難後藤伍長銅像）,ホヘイダイゴレンタイダイニダイタイソウナンキネンヒ（ハッコウダサンセッチュウコウグンソウナンゴトウゴチョウドウゾウ）,,市指定有形文化財,,青森県青森市大字駒込字深沢,40.706872,140.873251,,1,基,青森市,1999/2/22,,,,,八甲田雪中行軍遭難事件を後世へ伝える資料,指定物件は、犠牲者の多いことで世界の山岳遭難史上例を見ないと言われ、全国的にも広く知られている青森歩兵第五連隊第二大隊の八甲田雪中行軍遭難事件を後世へ伝える資料として貴重である。また、作者大熊氏広氏は日本における洋風彫刻の第一人者であり、この作品は記念碑彫刻としての観点からも日本有数の傑作群に入るものである。台座とのバランスも見事であり、八甲田山を背にしての起立はこの上ない景観となっている。指定物件は20作目、47才の作である。その細部は的確な技術に支えられており､時代考証も極めて確かなものである。何よりも、全体像が力に満ち、そして気品に満ちている。,https://www.city.aomori.aomori.jp/bunkaisan/bunka-sports-kanko/bunka/bunka-geijutsu/inishie/bunkazai/01.html,
22012,1200100068,青森県,青森市,青森市森林博物館,アオモリシシンリンハクブツカン,,市指定有形文化財,,青森県青森市柳川2-4-37,40.831571,140.725688,,1,棟,青森市,2004/11/17,,,,,青森大林区署庁舎として使用され建物,指定物件は、明治41年11月13日に青森大林区署（大正13年に青森営林局と改称）庁舎として落成した。ルネッサンス風建築様式で、木造二階建。建築材料は、構造材から造作材に至るまで、津軽・下北両半島の国有林からの精選されたヒバ材を使用している。青森ヒバ造りの代表的な建造物である。本市を代表する明治期の洋風木造建築であり、また、当時の建築技術を今に伝える貴重かつ優れた建造物として、価値が高い。,https://www.city.aomori.aomori.jp/bunkaisan/bunka-sports-kanko/bunka/bunka-geijutsu/inishie/bunkazai/01.html,
22012,1200100069,青森県,青森市,浪岡八幡宮再興棟札,ナミオカハチマングウサイコウムナフダ,,市指定有形文化財,,青森県青森市浪岡大字浪岡字林本123,40.715515,140.598465,,1,枚,浪岡八幡宮,2004/12/21,,,,,江戸時代前期に製作された棟札,江戸時代前期に製作された、全国的にも極めて珍しい全面黒漆塗で、文字が陰刻された棟札である。弘前藩が全面的に後押しして行った浪岡八幡宮再興事業に際し奉納された。,https://www.city.aomori.aomori.jp/bunkaisan/bunka-sports-kanko/bunka/bunka-geijutsu/inishie/bunkazai/01.html,
22012,1200100070,青森県,青森市,浪岡八幡宮茸替鳥居新造棟札,ナミオカハチマングウフキカエトリイシンゾウムナフダ,,市指定有形文化財,,青森県青森市浪岡大字浪岡字林本123,40.715515,140.598465,,1,枚,浪岡八幡宮,2004/12/22,,,,,江戸時代前期に製作された棟札,江戸時代前期に製作され、ヒバ材に墨書で記された棟札である。屋根の葺替事業を行った際に奉納された。,https://www.city.aomori.aomori.jp/bunkaisan/bunka-sports-kanko/bunka/bunka-geijutsu/inishie/bunkazai/01.html,
22012,1200100071,青森県,青森市,浪岡八幡宮新造棟札,ナミオカハチマングウシンゾウムナフダ,,市指定有形文化財,,青森県青森市浪岡大字浪岡字林本123,40.715515,140.598465,,1,枚,浪岡八幡宮,2004/12/23,,,,,江戸時代前期に製作された棟札,江戸時代前期に製作され、ヒバ材に墨書で記された棟札である。八幡宮を新しく建立した際に奉納された。 ,https://www.city.aomori.aomori.jp/bunkaisan/bunka-sports-kanko/bunka/bunka-geijutsu/inishie/bunkazai/01.html,
22012,1200100072,青森県,青森市,細野雪田家文書,ホソノユキタケモンジョ,,市指定有形文化財,,青森県青森市,,,,825,点,個人,2004/12/21,,,,,雪田家伝来の文書,旧浪岡町細野地区で庄屋及び戸長役場を勤めた雪田家に代々伝わる文書である。貞享4年の文書は、天保13（1842）年に作成された検地水帳の写しであるが、他に田畑、仕立山（したてやま）、抱山（かかえやま）や「切支丹改帳」・「宗門人別帳」に関する文書が含まれている。,https://www.city.aomori.aomori.jp/bunkaisan/bunka-sports-kanko/bunka/bunka-geijutsu/inishie/bunkazai/01.html,
22012,1200100073,青森県,青森市,小牧野遺跡の縄文後期の遺物,コマキノイセキノジョウモンコウキノイブツ,,市指定有形文化財,縄文の学び舎・小牧野館,青森県青森市大字野沢字沢部108-3,40.74779,140.723336,017-757-8665,67,点,青森市,2013/4/1,月火水木金土日,9:00,17:00,12月30日～翌年1月3日まで休館（年末年始）,小牧野遺跡の出土物,土器や石器、土製品、石製品から構成され、縄文時代の生活や祭祀、環状列石の用途・性格を考える上で貴重な資料。    人骨収納用の壺をはじめとする土器　11点    動物の彫刻を有する石皿などの石器　8点    土偶や耳飾などの土製品　27点    小牧野遺跡の特色を示す三角形岩版などの石製品　21点,http://komakinosite.jp ,
22012,1200100074,青森県,青森市,小牧野遺跡の続縄文土器,コマキノイセキノゾクジョウモンドキ,,市指定有形文化財,縄文の学び舎・小牧野館,青森県青森市大字野沢字沢部108-3,40.74779,140.723336,017-757-8665,1,点,青森市,2013/4/1,月火水木金土日,9:00,17:00,12月30日～翌年1月3日まで休館（年末年始）,小牧野遺跡の出土物,北海道において縄文時代の後に続く、続縄文時代に使用されていた土器。環状列石が使われなくなった後の小牧野遺跡の様子を知ることができる貴重な資料です。,http://komakinosite.jp ,
22012,1200100075,青森県,青森市,伝北畠氏墓所（一）（二）,デンキタバタケシボショ（イチ）（ニ）,,市指定史跡,,青森県青森市浪岡大字北中野,40.701972,140.607517,,-,-,青森市,1980/4/28,,,,,北畠氏の墓,（1）は浪岡城主である北畠氏一族の墓（北畠累代の墓）、（2）は分家である北畠守親（もりちか）の墓であると伝えられている。現在は、墓所（1）（2）ともに柵の中に五輪塔の一部が残り、墓所（1）には平成10年度に石碑が建てられた。,https://www.city.aomori.aomori.jp/bunkaisan/bunka-sports-kanko/bunka/bunka-geijutsu/inishie/bunkazai/01.html,
22012,1200100076,青森県,青森市,幸畑陸軍墓地,コウバタリクグンボチ,,市指定史跡天然記念物,,青森県青森市大字幸畑字阿部野,40.784546,140.788906,,-,-,青森市,1963/7/19,,,,,八甲田雪中行軍遭難事件で死亡した英霊を埋葬した墓地,明治35年(1902)1月23日、八甲田山中において遭難した青森歩兵第五連隊第二連隊の将兵210人のうち、死亡した199人の英霊を埋葬した墓地である。この事件は、世界山岳遭難史上最大の惨事と言われ、全国的にも知られている。参道から入って南側正面に大隊長山口少佐の碑があり、それを中心に士官10名、東側に95人、西側に94人の碑が建てられている。昭和37年(1962)、大隊長碑西側に奇跡的に救助された11名をその名とともに合祀している。同墓地をめぐらす周囲土塁に植えられている多行松はアカマツの園芸変種の一つで、根元及びその付近から分かれた多数の枝が斜め上に伸び、丸みのある傘形の樹冠をつくる特徴を持つ。この墓地の多行松は四国産のものといわれ、当地方では大変珍しいものである。,https://www.city.aomori.aomori.jp/bunkaisan/bunka-sports-kanko/bunka/bunka-geijutsu/inishie/bunkazai/01.html,
22012,1200100077,青森県,青森市,いちょう,イチョウ,,市指定天然記念物,,青森県青森市大字宮田字山下,40.837383,140.841985,,2,株,宮田町会,1962/10/26,,,,,青森市に現存する最大のいちょう,青森市内に現存するいちょうの中では最も大きく、その樹齢は800年といわれている。いつ頃、誰によって植えられたのかは不明であるが、遠い昔からご神木として人々の信仰を集めていたようである。近隣の言い伝えでは、母乳の不足がちな女性がこの木に酒、米、お菓子など供物を供えて祈願し、この木を削って持ち帰って米と一緒に炊き、炊き上がりを神棚へお供えし、木屑を取り除いて食べたところ、次第に乳が出るようになったという。それでも乳が出ない人は、ごはんのノリ状の部分を乳児に食べさせるなどし、多くの乳児が救われたといわれている。,https://www.city.aomori.aomori.jp/bunkaisan/bunka-sports-kanko/bunka/bunka-geijutsu/inishie/bunkazai/01.html,
22012,1200100078,青森県,青森市,黒松,クロマツ,,市指定天然記念物,,青森県青森市大字六枚橋字不浪知1-1,40.927213,140.666434,,1,株,個人,1967/6/26,,,,,別名「昇龍の松」と呼ばれる黒松,現所有者の家は、代々松前藩の参勤交代の宿泊所を務めていた。何代目かの時、松前藩主がそれまでの業績をたたえて、愛蔵の松の盆栽を一鉢贈り、労をねぎらった。その後自邸の庭に移植したものが成長し、現在の姿になったものと伝えられている。指定物件は樹勢が盛んで、龍が天に昇るような偉容と、龍の鱗のような樹皮から別名「昇龍の松」とも呼ばれている。,https://www.city.aomori.aomori.jp/bunkaisan/bunka-sports-kanko/bunka/bunka-geijutsu/inishie/bunkazai/01.html,
22012,1200100079,青森県,青森市,田代平湿原植物群落,タシロタイシツゲンショクブツグンラク,,市指定天然記念物,,青森県青森市大字駒込字深沢,40.695968,140.918109,,-,-,青森県,1968/11/7,,,,,青森県青森市田代にある高層湿原,田代平湿原は、市の中心部から南東約20km、八甲田赤倉山の北東斜面、海抜約560mに位置する高位泥炭地域である。植生は、ヤチヤナギやヌマガヤを主体とする中間湿原土台となっているが、大小の池塘が点在し、ミズゴケ類を伴う高層湿原やヨシ、スゲを主体とする低層湿原が見られ植物相は多彩である。またこの地に生息するモリアオガエルやトウホクサンショウウオなどの両生類や、キイロマツモムシ、メススジゲンゴロウなどの昆虫はいずれも希少である。特にゴマシジミは生息地が極限され、東北地方では青森県と岩手県でのみ生息が確認されている希少種である。,https://www.city.aomori.aomori.jp/bunkaisan/bunka-sports-kanko/bunka/bunka-geijutsu/inishie/bunkazai/01.html,
22012,1200100080,青森県,青森市,三内稲荷神社の杜,サンナイイナリジンジャノモリ,,市指定天然記念物,,青森県青森市大字三内字丸山37,40.815544,140.707298,,-,-,三内稲荷神社,1977/6/29,,,,,古木群を備えた神社,三内稲荷神社の建立年月日は不詳であるが、延宝元年(1673)に五穀豊穣を祈願し、村中で再建したという記録が残っている。この神社近くには、かつての豪族の館といわれる「お城ながれ」と呼ばれている地域があることなどから、かなり昔から大規模な集落があったと推察される。この神社を取囲む黒松、銀杏、針桐は樹齢200年から400年と推定され、戦火や枯死などによりその風致を失いつつあるものが多い本市の樹木群の中で、大樹としての風格を備えた有数の古木群として貴重である。 ,https://www.city.aomori.aomori.jp/bunkaisan/bunka-sports-kanko/bunka/bunka-geijutsu/inishie/bunkazai/01.html,
22012,1200100081,青森県,青森市,源常林の銀杏,ゲンジョウバヤシノイチョウ,,市指定天然記念物,,青森県青森市浪岡大字北中野字沢田107 ,40.71698,140.614257,,1,本,青森市,1980/4/28,,,,,津軽山唄の基になったと伝えられるいちょう,この銀杏の木は、「天和の絵図」や菅江真澄の紀行文「すみかの山」（寛政3年・1791）にも記載されている。浪岡城落城に際し、勝者の大浦氏が堀越城で祝宴を設けたとき家臣の一人が草刈唄の一つとして「浪岡の源常林の銀杏の木は、枝は浪岡、葉は黒石、花は弘前（堀越）の城で咲く。」と唄い、これが津軽山唱の基になったと伝えられている。いずれにせよ、戦国時代からこの銀杏については広く知れ渡っていたようである。,https://www.city.aomori.aomori.jp/bunkaisan/bunka-sports-kanko/bunka/bunka-geijutsu/inishie/bunkazai/01.html,
22012,1200100082,青森県,青森市,楊子杉,ヨウジスギ,,市指定天然記念物,,青森県青森市浪岡大字五本松字羽黒平1,40.725582,140.622442,,1,本,加茂神社,1998/8/7,,,,,羽黒神社の境内にある杉,羽黒神社の境内にあり、天和の絵図（1681～1683）に「杉一本九尺廻り」と記述が見られる大木が、この楊子杉であるとして天然記念物に指定された。,https://www.city.aomori.aomori.jp/bunkaisan/bunka-sports-kanko/bunka/bunka-geijutsu/inishie/bunkazai/01.html,
22012,1200100083,青森県,青森市,又八沼に生息するシナイモツゴ,マタハチヌマニセイソクスルシナイモツゴ,,市指定天然記念物,,青森県青森市大字羽白字野木和,40.850649,140.666623,,-,-,シナイモツゴを守る会,2000/10/31,,,,,本市が北限とされる希少魚,シナイモツゴは、昭和5年宮城県志田郡鹿島台町の品井沼（しないぬま）で発見された日本固有種である。コイ目コイ科モツゴ属の淡水魚で、全長6cmから8cm、オスがメスより大きい傾向があり、水圧や速さを感じる側線部が不完全であるのが特徴である。かつては関東以北から秋田県、岩手県まで広く生息していたが、外来種のブラックバスによる食害等により、全国的に生息が脅かされており、関東地方では絶滅したとされている希少種である。これまで秋田県、岩手県が北限とされていたが、平成5年通称又八沼で釣り人により生息が確認され、今日では本市が自然分布の北限と考えられている。地元住民に「沼チカ」と呼ばれて親しまれ、生活に密着に関係しており、生物学的にも歴史的にも非常に価値の高いものである。,https://www.city.aomori.aomori.jp/bunkaisan/bunka-sports-kanko/bunka/bunka-geijutsu/inishie/bunkazai/01.html,
22012,1200100084,青森県,青森市,黒松,クロマツ,三誉の松,市指定天然記念物,, 青森県青森市合浦二丁目17 ,40.829775,140.778559,,1,本,青森市,2004/11/17,,,,,主幹が根元から3本立ちになっている松。,指定物件は、三誉（みよ）の松と呼ばれ、地域住民に親しまれてきた。主幹は、根元から3本立になっている。江戸期、弘前藩主が地方巡見のため、この地を訪れた際に、藩主自らが杯酒を捧げたとの伝承がある。明治期に入り、水原衛作によりこの松を中心として公園建設が計画され、合浦公園が完成した。樹齢400年を超える老木であるにもかかわらず、樹勢も旺盛で、枝葉の繁茂、密度ともに健全であることに加え、合浦公園のシンボルツリーとして地域とのかかわりも深いことから、価値が高い。,https://www.city.aomori.aomori.jp/bunkaisan/bunka-sports-kanko/bunka/bunka-geijutsu/inishie/bunkazai/01.html,
