"全国地方公共団体コード","ID","地方公共団体名","名称","名称_カナ","名称_通称","名称_英語","文化財分類","種類","場所名称","所在地_全国地方公共団体コード","町字ID","所在地_連結表記","所在地_都道府県","所在地_市区町村","所在地_町字","所在地_番地以下","建物名等(方書)","緯度","経度","高度の種別","高度の値","電話番号","内線番号","連絡先メールアドレス","連絡先FormURL","連絡先備考（その他、SNSなど）","郵便番号","員数（数）","員数（単位）","法人番号","所有者等","文化財指定日","利用可能曜日","開始時間","終了時間","利用可能日時特記事項","画像","画像_ライセンス","概要","概要_英語","説明","説明_英語","URL","備考"
"052094","BB0100001001","秋田県鹿角市","秋田犬","アキタイヌ","日本秋田犬","Akita breed of dog","天然記念物","","","","","秋田県","秋田県","","","","","","","","","","","","","","","","","","公益社団法人秋田犬保存会(秋田犬会館)","1931-07-31","","","","","","","","","","","https://www.city.kazuno.lg.jp/kanko_bunka_sports/bunkazai/2/tennenkinenbutu/12823.html",""
"052094","BB0100001002","秋田県鹿角市","声良鶏","コエヨシトリ","","songbird","天然記念物","","","","","秋田県","秋田県","","","","","","","","","","","","","","","","","","秋田県声良鶏比内鶏金八鶏保存会（天然記念物全日本声良鶏保存会）","1937-12-21","","","","","","","","","","","https://www.city.kazuno.lg.jp/kanko_bunka_sports/bunkazai/2/tennenkinenbutu/12824.html",""
"052094","BB0100001003","秋田県鹿角市","大湯環状列石(万座環状列石)","オオユカンジョウレッセキ(マンザカンジョウレッセキ)","環状石籬;ストーンサークル","Oyu circle stone(Manza ring column)","特別史跡","","大湯環状列石(万座環状列石)","052094","0003225","秋田県鹿角市十和田大湯字野中堂ほか","秋田県","鹿角市","十和田大湯字野中堂","","ほか","40.27182","140.80386","","","0186-37-3822","","","","","0185421","","","","鹿角市教育委員会","1956-07-19","日火水木金土・祝日","09:00","18:00","4～10月無休・11～3月月曜・年末年始(12/29～1/3)休館、(※ただし祝日の場合月曜開館・翌日休館)","","","","","","","https://www.city.kazuno.lg.jp/kanko_bunka_sports/bunkazai/7/5593.html",""
"052094","BB0100001004","秋田県鹿角市","大日堂舞楽","ダイニチドウブラク","ザイドウ;大日堂祭堂","Dainichido buraku","重要無形文化財","芸能","大日霊貴神社","052094","0011332","秋田県鹿角市八幡平字堂の上16","秋田県","鹿角市","八幡平字堂の上","16","","40.14454","140.80751","","","0186-32-2742","","","","","0185141","","","","大日堂舞楽保存会","1976-05-04","","","","毎年1月2日開催","","","","","","","https://www.city.kazuno.lg.jp/kanko_bunka_sports/bunkazai/2/mukeiminzokubunkazai/dainidoubugaku/index.html",""
"052094","BB0100001005","秋田県鹿角市","毛馬内の盆踊","ケマナイノボンオドリ","旧名：毛馬内盆踊り","Bon odori in Kemanai - Bon dance of the north -","重要無形文化財","芸能","十和田毛馬内地区","052094","0006000","秋田県鹿角市十和田毛馬内","秋田県","鹿角市","十和田毛馬内","","","","","","","0186-30-3939","","","","","0185334","","","","毛馬内盆踊り保存会","1998-12-16","","","","毎年8月21日、22日、23日開催","","","","","","","https://www.ink.or.jp/~kemanai09/",""
"052094","BB0100001006","秋田県鹿角市","花輪祭の屋台行事","ハナワマツリノヤタイギョウジ","花輪ばやし","Hanawa's food stall event","重要無形文化財","芸能","花輪地区","052094","0012000","秋田県鹿角市花輪","秋田県","鹿角市","花輪","","","","","","","0186-22-6088","","","","","0185201","","","","花輪ばやし祭典委員会","2014-03-10","","","","毎年8月19日、20日開催","","","","","","","http://www.hanawabayashi.jp",""
"052094","BB0100001007","秋田県鹿角市","渡部家住宅主屋","ワタナベケジュウタクオモヤ","","Watamabe family residence main building","登録有形文化財","建造物","八幡平","052094","0011248","秋田県鹿角市八幡平字石鳥谷63","秋田県","鹿角市","八幡平字石鳥谷","63","","40.14988","140.77792","","","0186-32-2133","","","","","0185141","","","","個人","2006-03-27","日月火水木金土","10:00","16:00","5月～11月営業(12月～4月休業)※一週間前までに要予約","","","","","","","https://www.city.kazuno.lg.jp/kanko_bunka_sports/bunkazai/2/tourokuyuukeibunkazaikenzoubutu/12834.html",""
"052094","BB0100001008","秋田県鹿角市","渡部家住宅土蔵","ワタナベケジュウタクドゾウ","","Watamabe family residence main stonehouse","登録有形文化財","建造物","八幡平","052094","0011248","秋田県鹿角市八幡平字石鳥谷63","秋田県","鹿角市","八幡平字石鳥谷","63","","40.14988","140.77792","","","0186-32-2133","","","","","0185141","","","","個人","2006-03-27","日月火水木金土","10:00","16:00","5月～11月営業(12月～4月休業)※一週間前までに要予約","","","","","","","https://www.city.kazuno.lg.jp/kanko_bunka_sports/bunkazai/2/tourokuyuukeibunkazaikenzoubutu/12834.html",""
"052094","BB0100001009","秋田県鹿角市","渡部家住宅門","ワタナベケジュウタクモン","","Go to the Watamabe family residence","登録有形文化財","建造物","八幡平","052094","0011248","秋田県鹿角市八幡平字石鳥谷63","秋田県","鹿角市","八幡平字石鳥谷","63","","40.14988","140.77792","","","0186-32-2133","","","","","0185141","","","","個人","2006-03-27","日月火水木金土","10:00","16:00","5月～11月営業(12月～4月休業)※一週間前までに要予約","","","","","","","https://www.city.kazuno.lg.jp/kanko_bunka_sports/bunkazai/2/tourokuyuukeibunkazaikenzoubutu/12834.html",""
"052094","BB0100001010","秋田県鹿角市","旧関善酒店主屋","キュウセキゼンシュテンシュオク","","Sekizen sake shop owner's house","登録有形文化財","建造物","花輪","052094","0012244","秋田県鹿角市花輪字上花輪85","秋田県","鹿角市","花輪字上花輪","85","","40.18159","140.78892","","","0186-23-2021","","","","","0185201","","","","特定非営利活動法人関善賑わい屋敷","2006-08-03","日月火水金土","10:00","17:00","3・8・13・18・23・28日は木曜営業","","","","","","","https://www.city.kazuno.lg.jp/kanko_bunka_sports/bunkazai/2/tourokuyuukeibunkazaikenzoubutu/12835.html",""
"052094","BB0100002001","秋田県鹿角市","木造弥陀三尊（阿弥陀仏・観世音菩薩・勢至菩薩）","モクゾウミダサンゾン「アミダブツ・カンゼオンボサツ・セイシボサツ」(3ムクロ)","","Wooden tried of Amitabha """"""""Amitabha buddha, Avalokitesvara bodhisattava, and Seishi bodhisattava""""""""\\n(3 statues)","県指定有形文化財","彫刻","恩徳寺","052094","0012244","秋田県鹿角市花輪字上花輪11","秋田県","鹿角市","花輪字上花輪","11","","40.18555","140.79013","","","0186-23-2372","","","","","0185201","","","","恩徳寺","1955-01-24","","","","","","","","","","","https://www.city.kazuno.lg.jp/kanko_bunka_sports/bunkazai/2/yuukeibunkazaityoukoku/12788.html",""
"052094","BB0100002002","秋田県鹿角市","銅像阿弥陀如来立像","ドウゾウアミダニョライリツゾウ","","Standing bronze statue of Amida nyorai(1 statue)","県指定有形文化財","彫刻","円福寺","052094","0012178","秋田県鹿角市花輪字元村17","秋田県","鹿角市","花輪字元村","17","","40.23922","140.80504","","","0186-25-2715","","","","","0185201","","","","円福寺","1990-03-20","","","","","","","","","","","https://www.city.kazuno.lg.jp/kanko_bunka_sports/bunkazai/2/yuukeibunkazaityoukoku/12789.html",""
"052094","BB0100002003","秋田県鹿角市","銅造地蔵菩薩立像","ドウゾウジゾウボサツリツゾウ","","Standing bronze statue of Jizo","県指定有形文化財","彫刻","大徳寺","052094","0011273","秋田県鹿角市八幡平字大里40","秋田県","鹿角市","八幡平字大里","40","","40.15722","140.8012","","","0186-32-2672","","","","","0185141","","","","大徳寺","2012-03-23","","","","","","","","","","","https://www.city.kazuno.lg.jp/kanko_bunka_sports/bunkazai/2/yuukeibunkazaityoukoku/12793.html",""
"052094","BB0100002004","秋田県鹿角市","大湯環状列石出土品","オオユカンジョウレッセキシュツドヒン","","Oyu ringed stone artifacts","県指定有形文化財","考古資料","大湯ストーンサークル館","052094","0003223","秋田県鹿角市十和田大湯字万座45","秋田県","鹿角市","十和田大湯字万座","45","","40.2742","140.80649","","","0186-37-3822","","","","","0185421","325","点","","鹿角市教育委員会","2010-03-12","日火水木金土","09:00","18:00","毎週月曜日休館日(祝日の場合翌日休館日)、11/1～3/31 9:00～16:00に通常より2時間短縮、年末年始(12/29～1/3)休館","","","","","","","https://www.city.kazuno.lg.jp/kanko_bunka_sports/bunkazai/2/yuukeibunkazaikoukosiryo/12803.html","(土器26点・石器1点・土製品196点・石製品102点)"
"052094","BB0100002005","秋田県鹿角市","天戸森遺跡出土品","アマトモリイセキシュツドドキ","","","県指定有形文化財","考古資料","鹿角市出土文化財管理センター","052094","0003223","秋田県鹿角市十和田大湯字万座13","秋田県","鹿角市","十和田大湯字万座","13","","40.27465","140.80519","","","0186-37-3822","","","","","0185421","705","点","","鹿角市教育委員会","2023-03-24","","","","閉業","","","","","","","https://www.city.kazuno.lg.jp/kanko_bunka_sports/bunkazai/2/yuukeibunkazaikoukosiryo/12804.html",""
"052094","BB0100002006","秋田県鹿角市","尾去沢鉱山資料","オサリザワコウザンシリョウ","","Osarizawa mine materials(77 mining tools and 2 pictorial drawings of mining operations)","県指定有形民俗文化財","","鹿角市教育委員会","052094","0001122","秋田県鹿角市尾去沢字獅子沢9-10","秋田県","鹿角市","尾去沢字獅子沢","9-10","","40.21597","140.78884","","","0186-30-0294","","","","","0185202","79","点","","鹿角市教育委員会","1966-03-22","月火水木金","08:30","17:15","日・土曜・年末年始(12/29～1/3)利用不可","","","","","","","https://www.city.kazuno.lg.jp/kanko_bunka_sports/bunkazai/2/yuukeiminzokubunkazai2/12809.html",""
"052094","BB0100002007","秋田県鹿角市","大森親山獅子大権現舞","オオモリシンザンシシダイゴンゲンマイ","","Omori shinzan shishi daigongenmai","県指定無形民俗文化財","","大森親山獅子大権現舞保存会(両社山神社)","052094","0001155","秋田県鹿角市尾去沢字東在家","秋田県","鹿角市","尾去沢字東在家","","","","","","","","","","","","0185202","","","","大森親山獅子大権現舞保存会","1964-11-17","","","","","","","","","","","https://www.city.kazuno.lg.jp/kanko_bunka_sports/bunkazai/2/mukeiminzokubunkazai/azukisawanoojinaobana/index.html",""
"052094","BB0100002008","秋田県鹿角市","大湯大太鼓","オオユオオダイコ","","Big soup and big taiko","県指定無形民俗文化財","","大湯大太鼓保存会","052094","0003000","秋田県鹿角市十和田大湯","秋田県","鹿角市","十和田大湯","","","","","","","","","","","","0185421","","","","大湯大太鼓保存会","1974-10-12","","","","","","","","","","","https://www.city.kazuno.lg.jp/kanko_bunka_sports/bunkazai/2/mukeiminzokubunkazai/ooyuoodaiko/index.html",""
"052094","BB0100002009","秋田県鹿角市","花輪の町踊り","ハナワノマチオドリ","","Hanawa town dance","県指定無形民俗文化財","","花輪の町踊り保存会","052094","0012000","秋田県鹿角市花輪","秋田県","鹿角市","花輪","","","","","","","","","","","","0185201","","","","花輪町踊り保存会","1988-03-15","","","","","","","","","","","https://www.city.kazuno.lg.jp/kanko_bunka_sports/bunkazai/2/mukeiminzokubunkazai/hanawanomachiodori/index.html",""
"052094","BB0100002010","秋田県鹿角市","松館天満宮三台山獅子大権現舞","マツダテテングウサンダイサンシシダイゴンゲン","","Shodate tenmangu sandaizan shishi daigongenmai","県指定無形民俗文化財","","松館天満宮舞楽保存会(松館菅原神社)","052094","0011205","秋田県鹿角市八幡平字松館","秋田県","鹿角市","八幡平字松館","","","40.15915","140.77994","","","0186-25-2527","","","","","0185141","","","","松館天満宮舞楽保存会","1993-06-18","","","","","","","","","","","https://www.city.kazuno.lg.jp/kanko_bunka_sports/bunkazai/2/mukeiminzokubunkazai/matsudatetenmanguusannodaisanshishidaigongenmai/index.html",""
"052094","BB0100002011","秋田県鹿角市","天照皇御祖神社境内の磨崖仏及び板碑","アマテラススメミオヤジンジャケイダイノマガイブツオヨビイタヒ","","Amaterasu shrine precincts","県指定史跡","","天照皇御祖神社","052094","0011282","秋田県鹿角市八幡平字谷内14","秋田県","鹿角市","八幡平字谷内","14","","40.11073","140.79025","","","0186-34-2225","","","","","0185141","","","","天照皇御祖神社","1985-03-15","","","","","","","","","","","https://www.city.kazuno.lg.jp/kanko_bunka_sports/bunkazai/2/siseki/12821.html",""
"052094","BB0100002012","秋田県鹿角市","杉","スギ","","Japanese cedar(1 piece)","県指定天然記念物","","普門山 大円寺","052094","0003188","秋田県鹿角市十和田大湯字大湯147","秋田県","鹿角市","十和田大湯字大湯","147","","40.29031","140.83333","","","0186-37-2655","","","","","0185421","","","","普門山 大円寺","1955-01-24","","","","","","","","","","","https://www.city.kazuno.lg.jp/kanko_bunka_sports/bunkazai/2/tennenkinenbutu/12825.html",""
"052094","BB0100003001","秋田県鹿角市","月山神社本殿","ガッサンジンジャホンデン","","","市指定有形文化財","建造物","月山神社","052094","0006167","秋田県鹿角市十和田毛馬内字毛馬内沢32","秋田県","鹿角市","十和田毛馬内字毛馬内沢","32","","40.27614","140.73201","","","0186-29-5644","","","","","0185334","","","","月山神社","1983-07-15","","","","","","","","","","","https://www.city.kazuno.lg.jp/kanko_bunka_sports/bunkazai/2/yuukeibunkazaikenzoubutu/12782.html",""
"052094","BB0100003002","秋田県鹿角市","旧鹿角郡公会堂","キュウカヅノグンコウカイドウ","","","市指定有形文化財","建造物","花輪","052094","0012318","秋田県鹿角市花輪字中花輪113","秋田県","鹿角市","花輪字中花輪","113","","40.19092","140.79201","","","0186-22-7288","","","","","0185201","","","","鹿角市教育委員会","1991-03-26","日火水木金土","09:00","17:00","月曜休日","","","","","","","https://www.city.kazuno.lg.jp/kanko_bunka_sports/bunkazai/2/yuukeibunkazaikenzoubutu/12783.html",""
"052094","BB0100003003","秋田県鹿角市","親鸞聖人御絵伝","シンランセイジンゴエデン","","Shinran shonin goyaden(4 panels)","市指定有形文化財","絵画","専正寺","052094","0012212","秋田県鹿角市花輪字寺ノ後16","秋田県","鹿角市","花輪字寺ノ後","16","","40.19373","140.78825","","","0186-23-3144","","","","","0185201","4","幅","","専正寺","1977-02-04","","","","","","","","","","","https://www.city.kazuno.lg.jp/kanko_bunka_sports/bunkazai/2/yuukeibunkazaikaiga/12784.html",""
"052094","BB0100003004","秋田県鹿角市","川口月嶺筆「双鶴図」","カワグチゲツレイヒツ「ソウカクズ」","","""""""""Twin Cranes"""""""" by Kawaguchi Getsurei(1 painting)","市指定有形文化財","絵画","個人","052094","0012000","秋田県鹿角市花輪","秋田県","鹿角市","花輪","","","","","","","","","","","","0185201","1","幅","","個人","1977-02-04","","","","","","","","","","","https://www.city.kazuno.lg.jp/kanko_bunka_sports/bunkazai/2/yuukeibunkazaikaiga/12785.html",""
"052094","BB0100003005","秋田県鹿角市","川口月嶺筆「鶏と牡丹」","カワグチゲツレイヒツ「ニワトリトボタン」","","""""""""Chicken and Peony"""""""" by Kawaguchi Getsurei(1 width, 1 piece)","市指定有形文化財","絵画","個人","052094","0012188","秋田県鹿角市花輪字荒田4-1","秋田県","鹿角市","花輪字荒田","4-1","","40.21578","140.78845","","","0186-30-0294","","","","","0185201","1","幅","","鹿角市教育委員会","1977-02-04","","","","","","","","","","","https://www.city.kazuno.lg.jp/kanko_bunka_sports/bunkazai/2/yuukeibunkazaikaiga/12786.html",""
"052094","BB0100003006","秋田県鹿角市","柴田春光筆「十和田路」","シバタシュンコウヒツ「トワダミチ」","","","市指定有形文化財","絵画","十和田毛馬内","052094","0006000","秋田県鹿角市十和田毛馬内","秋田県","鹿角市","十和田毛馬内","","","","","","","","","","","","0185334","1","双","","個人","1993-04-01","","","","","","","","","","","https://www.city.kazuno.lg.jp/kanko_bunka_sports/bunkazai/2/yuukeibunkazaikaiga/12787.html",""
"052094","BB0100003007","秋田県鹿角市","木造千手十一面観音菩薩像","モクゾウセンシュジュウイチメンカンノンボサツゾウ","","Wooden statue of Eleven-faced Avalokitesvara bodhisattava with thousand hands(1 piece)","市指定有形文化財","彫刻","誓願寺","052094","0006135","秋田県鹿角市十和田毛馬内字城ノ下69","秋田県","鹿角市","十和田毛馬内字城ノ下","69","","40.26887","140.76605","","","0186-35-2035","","","","","0185334","1","駆","","誓願寺","1974-06-05","","","","","","","","","","","https://www.city.kazuno.lg.jp/kanko_bunka_sports/bunkazai/2/yuukeibunkazaityoukoku/12790.html",""
"052094","BB0100003008","秋田県鹿角市","木造三十三観音菩薩像","モクゾウサンジュウサンカンノンボサツゾウ","","","市指定有形文化財","彫刻","長福寺","052094","0012135","秋田県鹿角市花輪字下花輪118","秋田県","鹿角市","花輪字下花輪","118","","40.1945","140.78931","","","0186-23-2334","","","","","0185201","","","","長福寺","1977-02-04","","","","","","","","","","","https://www.city.kazuno.lg.jp/kanko_bunka_sports/bunkazai/2/yuukeibunkazaityoukoku/12791.html",""
"052094","BB0100003009","秋田県鹿角市","木造釈迦三尊","モクゾウシャカサンゾン","","","市指定有形文化財","彫刻","万松寺","052094","0012268","秋田県鹿角市花輪字西町187","秋田県","鹿角市","花輪字西町","187","","40.21618","140.8021","","","0186-23-2647","","","","","0185201","","","","万松寺","1977-02-04","","","","","","","","","","","https://www.city.kazuno.lg.jp/kanko_bunka_sports/bunkazai/2/yuukeibunkazaityoukoku/12792.html",""
"052094","BB0100003010","秋田県鹿角市","魚盤","ギョバン","","","市指定有形文化財","彫刻","大円寺","052094","0003188","秋田県鹿角市十和田大湯字大湯147","秋田県","鹿角市","十和田大湯字大湯","147","","40.29034","140.83325","","","0186-37-2655","","","","","0185421","","","","大円寺","1977-02-04","","","","","","","","","","","https://www.city.kazuno.lg.jp/kanko_bunka_sports/bunkazai/2/yuukeibunkazaityoukoku/12794.html",""
"052094","BB0100003011","秋田県鹿角市","専正寺喚鐘","センショウジカンショウ","","Senjoji temple bell(1 unit)","市指定有形文化財","工芸","専正寺","052094","0012212","秋田県鹿角市花輪字寺ノ後16","秋田県","鹿角市","花輪字寺ノ後","16","","40.19371","140.78843","","","0186-23-3144","","","","","0185201","1","口","","専正寺","1990-03-26","","","","","","","","","","","https://www.city.kazuno.lg.jp/kanko_bunka_sports/bunkazai/2/yuukeibunkazaikougeihin/12795.html",""
"052094","BB0100003012","秋田県鹿角市","花輪南館の時鐘","ハナワミナミカンノジショウ","","","市指定有形文化財","工芸","長年寺","052094","0012318","秋田県鹿角市花輪字中花輪80","秋田県","鹿角市","花輪字中花輪","80","","40.18639","140.79052","","","0186-23-2157","","","","","0185201","","","","長年寺","1990-03-26","","","","","","","","","","","https://www.city.kazuno.lg.jp/kanko_bunka_sports/bunkazai/2/yuukeibunkazaikougeihin/12796.html",""
"052094","BB0100003013","秋田県鹿角市","井上常鄰記諸御用留帳","イノウエジョウリンキショゴヨウドメチョウ","","Inoue Jorin kishu, all of the imperial accounts(1 volume)","市指定有形文化財","古文書","個人","052094","0012000","秋田県鹿角市花輪","秋田県","鹿角市","花輪","","","","","","","","","","","","0185201","1","冊","","個人","1977-02-04","","","","","","","","","","","https://www.city.kazuno.lg.jp/kanko_bunka_sports/bunkazai/2/yuukeibunkazaikomonjo/12797.html",""
"052094","BB0100003014","秋田県鹿角市","中野家諸御用留帳","ナカノケショゴヨウドメチョウ","","Nakano family's various errand books(50 books)","市指定有形文化財","古文書","個人","052094","0012000","秋田県鹿角市花輪","秋田県","鹿角市","花輪","","","","","","","","","","","","0185201","50","冊","","個人","1977-02-04","","","","","","","","","","","https://www.city.kazuno.lg.jp/kanko_bunka_sports/bunkazai/2/yuukeibunkazaikomonjo/12798.html",""
"052094","BB0100003015","秋田県鹿角市","海沼家所蔵土器類","カイヌマケショゾウドキルイ","","","市指定有形文化財","考古資料","個人","052094","0001000","秋田県鹿角市尾去沢","秋田県","鹿角市","尾去沢","","","","","","","","","","","","0185202","1","式","","個人","1977-02-04","","","","","","","","","","","https://www.city.kazuno.lg.jp/kanko_bunka_sports/bunkazai/2/yuukeibunkazaikoukosiryo/12799.html",""
"052094","BB0100003016","秋田県鹿角市","縄文土器","ジョウモンドキ","","Jomon pottery(1 item)","市指定有形文化財","考古資料","個人","052094","0003000","秋田県鹿角市十和田大湯","秋田県","鹿角市","十和田大湯","","","","","","","","","","","","0185421","1","点","","個人","1977-02-04","","","","","","","","","","","https://www.city.kazuno.lg.jp/kanko_bunka_sports/bunkazai/2/yuukeibunkazaikoukosiryo/12800.html",""
"052094","BB0100003017","秋田県鹿角市","板碑","イタビ","","","市指定有形文化財","考古資料","八幡平","052094","0011000","秋田県鹿角市八幡平","秋田県","鹿角市","八幡平","","","","","","","","","","","","0185141","1","基","","個人","1979-02-21","","","","","","","","","","","https://www.city.kazuno.lg.jp/kanko_bunka_sports/bunkazai/2/yuukeibunkazaikoukosiryo/12801.html",""
"052094","BB0100003018","秋田県鹿角市","板碑","イタビ","","","市指定有形文化財","考古資料","大日霊貴神社","052094","0011332","秋田県鹿角市八幡平字堂の上16","秋田県","鹿角市","八幡平字堂の上","16","","40.14451","140.80564","","","0186-32-2742","","","","","0185141","1","基","","大日霊貴神社","1979-02-21","","","","","","","","","","","https://www.city.kazuno.lg.jp/kanko_bunka_sports/bunkazai/2/yuukeibunkazaikoukosiryo/12802.html",""
"052094","BB0100003019","秋田県鹿角市","鋒形石器(八幡平字根瀬出土)","ホコサキガタセッキ(ハチマンタイアザネセシュツド)","","","市指定有形文化財","考古資料","鹿角市出土文化財管理センター","052094","0003223","秋田県鹿角市十和田大湯字万座13","秋田県","鹿角市","十和田大湯字万座","13","","40.27465","140.80519","","","0186-37-3822","","","","","0185421","1","点","","鹿角市教育委員会","1998-04-15","","","","閉業","","","","","","","https://www.city.kazuno.lg.jp/kanko_bunka_sports/bunkazai/2/yuukeibunkazaikoukosiryo/12805.html",""
"052094","BB0100003020","秋田県鹿角市","勾玉及び玉類(枯草坂古墳出土)","マガタマオヨビタマルイ(コソウザカコフンシュツド)","","","市指定有形文化財","考古資料","鹿角市出土文化財管理センター","052094","0003223","秋田県鹿角市十和田大湯字万座13","秋田県","鹿角市","十和田大湯字万座","13","","40.27465","140.80519","","","0186-37-3822","","","","","0185421","39","点","","鹿角市教育委員会","1998-04-15","","","","閉業","","","","","","","https://www.city.kazuno.lg.jp/kanko_bunka_sports/bunkazai/2/yuukeibunkazaikoukosiryo/12806.html",""
"052094","BB0100003021","秋田県鹿角市","奥州南部領図十郡","オウシュウナンブリョウズジュウグン","","Map of the ten counties in the southern part of Oshu(1 scroll)","市指定有形文化財","歴史資料","鹿角市教育委員会","052094","0012188","秋田県鹿角市花輪字荒田4-1","秋田県","鹿角市","花輪字荒田","4-1","","40.21593","140.78879","","","0186-30-0294","","","","","0185201","1","幅","","鹿角市教育委員会","2000-06-30","","","","","","","","","","","https://www.city.kazuno.lg.jp/kanko_bunka_sports/bunkazai/2/yuukeibunkazairekishishiryo/12807.html",""
"052094","BB0100003022","秋田県鹿角市","花輪通絵図","ハナワドオリエズ","","","市指定有形文化財","歴史資料","個人","052094","0011000","秋田県鹿角市八幡平","秋田県","鹿角市","八幡平","","","","","","","","","","","","0185141","","","","個人","2020-02-21","","","","","","","","","","","https://www.city.kazuno.lg.jp/kanko_bunka_sports/bunkazai/2/yuukeibunkazairekishishiryo/12808.html",""
"052094","BB0100003023","秋田県鹿角市","藍染の型紙","アイゾメノカタガミ","","","市指定有形民俗文化財","","鹿角市教育委員会","052094","0012188","秋田県鹿角市花輪字荒田4-1","秋田県","鹿角市","花輪字荒田","4-1","","40.21595","140.78885","","","0186-30-0294","","","","","0185201","586","枚","","鹿角市教育委員会","1974-03-19","","","","","","","","","","","https://www.city.kazuno.lg.jp/kanko_bunka_sports/bunkazai/2/yuukeiminzokubunkazai2/12810.html",""
"052094","BB0100003024","秋田県鹿角市","又鬼資料 3点(熊槍・カンジキ・雪ベラ)","マタギシリョウ(3テン クマヤリ・カンジキ・ユキベラ)","","Mataki materials(3 items : bear spear, kanjiki, and snow spatula)","市指定有形民俗文化財","","個人","052094","0003000","秋田県鹿角市十和田大湯","秋田県","鹿角市","十和田大湯","","","","","","","","","","","","0185421","3","点","","個人","1977-02-04","","","","","","","","","","","https://www.city.kazuno.lg.jp/kanko_bunka_sports/bunkazai/2/yuukeiminzokubunkazai2/12811.html",""
"052094","BB0100003025","秋田県鹿角市","又鬼用具(アマブタ)","マタギヨウグ(アマブタ)","","","市指定有形民俗文化財","","十和田大湯","052094","0003000","秋田県鹿角市十和田大湯","秋田県","鹿角市","十和田大湯","","","","","","","","","","","","0185421","1","点","","個人","1977-02-04","","","","","","","","","","","https://www.city.kazuno.lg.jp/kanko_bunka_sports/bunkazai/2/yuukeiminzokubunkazai2/12812.html",""
"052094","BB0100003026","秋田県鹿角市","又鬼用具(熊槍・玉造り器)","マタギヨウグ(クマヤリ・タマツクリキ)","","","市指定有形民俗文化財","","十和田大湯","052094","0003000","秋田県鹿角市十和田大湯","秋田県","鹿角市","十和田大湯","","","","","","","","","","","","0185421","3","点","","個人","1977-02-04","","","","","","","","","","","https://www.city.kazuno.lg.jp/kanko_bunka_sports/bunkazai/2/yuukeiminzokubunkazai2/12813.html",""
"052094","BB0100003027","秋田県鹿角市","又鬼用具(火縄銃・鉛玉・煙硝入れ)","マタギヨウグ(ヒナワジュウ・ナマリイレ・エンショウイレ)","","","市指定有形民俗文化財","","十和田大湯","052094","0003000","秋田県鹿角市十和田大湯","秋田県","鹿角市","十和田大湯","","","","","","","","","","","","0185421","5","点","","個人","1977-02-04","","","","","","","","","","","https://www.city.kazuno.lg.jp/kanko_bunka_sports/bunkazai/2/yuukeiminzokubunkazai2/12814.html",""
"052094","BB0100003028","秋田県鹿角市","火事装束","カジショウゾク","","Fire costume(set of 4)","市指定有形民俗文化財","","鹿角市教育委員会","052094","0012188","秋田県鹿角市花輪字荒田4-1","秋田県","鹿角市","花輪字荒田","4-1","","40.21595","140.78885","","","0186-30-0294","","","","","0185201","1","組","","鹿角市教育委員会","1974-03-19","","","","","","","","","","","https://www.city.kazuno.lg.jp/kanko_bunka_sports/bunkazai/2/yuukeiminzokubunkazai2/12815.html",""
"052094","BB0100003029","秋田県鹿角市","葦名神社の絵馬(付棟札 5点)","アシナジンジャノエマ(フムナフダ5テン)","","","市指定有形民俗文化財","","葦名神社","052094","0010150","秋田県鹿角市十和田山根字堂ノ上34","秋田県","鹿角市","十和田山根字堂ノ上","34","","40.30692","140.79594","","","0186-35-4639","","","","","0185331","133","点","","葦名神社","1974-03-19","","","","","","","","","","","https://www.city.kazuno.lg.jp/kanko_bunka_sports/bunkazai/2/yuukeiminzokubunkazai2/12816.html",""
"052094","BB0100003030","秋田県鹿角市","細布織機(付 細布1巻・細布印2コ)","サイフショッキ(ツキ サイフ1カン・サイフイン2コ)","","","市指定有形民俗文化財","","十和田錦木","052094","0009000","秋田県鹿角市十和田錦木","秋田県","鹿角市","十和田錦木","","","","","","","","","","","","0185336","","","","個人","1977-02-04","","","","","","","","","","","https://www.city.kazuno.lg.jp/kanko_bunka_sports/bunkazai/2/yuukeiminzokubunkazai2/12817.html",""
"052094","BB0100003031","秋田県鹿角市","百人一首献額","ヒャクニンイッシュケンガク","","","市指定有形民俗文化財","","月山神社","052094","0006167","秋田県鹿角市十和田毛馬内字毛馬内沢32","秋田県","鹿角市","十和田毛馬内字毛馬内沢","32","","40.27614","140.73201","","","0186-29-5644","","","","","0185334","20","枚","","月山神社","1977-02-04","","","","","","","","","","","https://www.city.kazuno.lg.jp/kanko_bunka_sports/bunkazai/2/yuukeiminzokubunkazai2/12818.html",""
"052094","BB0100003032","秋田県鹿角市","栗山家「古代かづの紫根染・茜染資料」(染物38点、道具37点)","クリヤマケ「コダイカヅノシコンゾメ・アカネゾメシリョウ」(ソメモノ38テン、ドウグ37テン)","","","市指定有形民俗文化財","","鹿角市教育委員会","052094","0012188","秋田県鹿角市花輪字荒田4-1","秋田県","鹿角市","花輪字荒田","4-1","","40.21593","140.78879","","","0186-30-0294","","","","","0185201","","","","鹿角市教育委員会","1994-04-01","","","","","","","","","","","https://www.city.kazuno.lg.jp/kanko_bunka_sports/bunkazai/2/yuukeiminzokubunkazai2/12819.html",""
"052094","BB0100003033","秋田県鹿角市","下川原駒踊","シモカワラコマオドリ","","","市指定無形民俗文化財","","下川原駒踊保存会","052094","0012138","秋田県鹿角市花輪字下川原","秋田県","鹿角市","花輪字下川原","","","","","","","","","","","","0185201","","","","下川原駒踊保存会","1977-02-04","","","","","","","","","","","https://www.city.kazuno.lg.jp/kanko_bunka_sports/bunkazai/2/mukeiminzokubunkazai/shitakawarakomaodori/index.html",""
"052094","BB0100003034","秋田県鹿角市","小豆沢のオジナオバナ","アズキサワノオジナオバナ","","","市指定無形民俗文化財","","小豆沢自治会","052094","0011200","秋田県鹿角市八幡平字小豆沢","秋田県","鹿角市","八幡平字小豆沢","","","","","","","","","","","","0185141","","","","小豆沢自治会","1987-01-16","","","","","","","","","","","https://www.city.kazuno.lg.jp/kanko_bunka_sports/bunkazai/2/mukeiminzokubunkazai/azukisawanoojinaobana/index.html",""
"052094","BB0100003035","秋田県鹿角市","宮野平のオジナオバナ","ミヤノタイノオジナオバナ","","","市指定無形民俗文化財","","宮野平自治会","052094","0003123","秋田県鹿角市十和田大湯字宮野平","秋田県","鹿角市","十和田大湯字宮野平","","","","","","","","","","","","0185421","","","","宮野平自治会","1987-01-16","","","","","","","","","","","https://www.city.kazuno.lg.jp/kanko_bunka_sports/bunkazai/2/mukeiminzokubunkazai/miyanotainoojinaobana/index.html",""
"052094","BB0100003036","秋田県鹿角市","からめ節金山踊り","カラメブシカナヤマオドリ","","","市指定無形民俗文化財","","尾去沢からめ節保存会","052094","0001113","秋田県鹿角市尾去沢字軽井沢","秋田県","鹿角市","尾去沢字軽井沢","","","","","","","","","","","","0185202","","","","尾去沢からめ節保存会","1987-01-16","","","","","","","","","","","https://www.city.kazuno.lg.jp/kanko_bunka_sports/bunkazai/2/mukeiminzokubunkazai/karamebushikanayamaodori/index.html",""
"052094","BB0100003037","秋田県鹿角市","湯瀬神明社先祓舞","ユゼジンメイシャサキバライマイ","","Yuze shinmeisha sentaku-mai (P","市指定無形民俗文化財","","湯瀬自治会","052094","0011320","秋田県鹿角市八幡平字湯瀬一羽根","秋田県","鹿角市","八幡平字湯瀬一羽根","","","","","","","","","","","","0185141","","","","湯瀬自治会","1987-01-16","","","","","","","","","","","https://www.city.kazuno.lg.jp/kanko_bunka_sports/bunkazai/2/mukeiminzokubunkazai/yuzseshinmeisyasakibaraimai/index.html",""
"052094","BB0100003038","秋田県鹿角市","谷内天照皇御祖神社先祓舞","タニナイアマテラススメミオヤジンジャサキバライマイ","","","市指定無形民俗文化財","","天照皇御租神社","052094","0011282","秋田県鹿角市八幡平字谷内14","秋田県","鹿角市","八幡平字谷内","14","","40.11078","140.79036","","","0186-34-2225","","","","","0185141","","","","天照皇御祖神社","1987-01-16","","","","","","","","","","","https://www.city.kazuno.lg.jp/kanko_bunka_sports/bunkazai/2/mukeiminzokubunkazai/taninaiamaterasusumeomiyajinjasakibaraimai/index.html",""
"052094","BB0100003039","秋田県鹿角市","長嶺八幡神社先祓舞","ナガミネハチマンジンジャサキバライマイ","","","市指定無形民俗文化財","","長嶺自治会","052094","0011306","秋田県鹿角市八幡平字長嶺","秋田県","鹿角市","八幡平字長嶺","","","","","","","","","","","","0185141","","","","長嶺自治会","1987-01-16","","","","","","","","","","","https://www.city.kazuno.lg.jp/kanko_bunka_sports/bunkazai/2/mukeiminzokubunkazai/nagaminehachimanjinjasakibaraimai/index.html",""
"052094","BB0100003040","秋田県鹿角市","大里川原稲荷神社先祓舞","オオサトカワライナリジンジャサキバライマイ","","","市指定無形民俗文化財","","大里自治会","052094","0011273","秋田県鹿角市八幡平字大里","秋田県","鹿角市","八幡平字大里","","","","","","","","","","","","0185141","","","","大里自治会","1987-01-16","","","","","","","","","","","https://www.city.kazuno.lg.jp/kanko_bunka_sports/bunkazai/2/mukeiminzokubunkazai/oosatokawarainarijinjasakibaraimai/index.html",""
"052094","BB0100003041","秋田県鹿角市","土深井裸まいり","ドブカイハダカマイリ","","","市指定無形民俗文化財","","土深井自治会","052094","0007000","秋田県鹿角市十和田末広","秋田県","鹿角市","十和田末広","","","","","","","","","","","","0185337","","","","土深井自治会","1987-01-16","","","","","","","","","","","https://www.city.kazuno.lg.jp/kanko_bunka_sports/bunkazai/2/mukeiminzokubunkazai/dobukaihadakamairi/index.html",""
"052094","BB0100003042","秋田県鹿角市","川原大神楽","カワラダイカグラ","","","市指定無形民俗文化財","","川原自治会","052094","0006114","秋田県鹿角市十和田毛馬内字休堂","秋田県","鹿角市","十和田毛馬内字休堂","","","","","","","","","","","","0185334","","","","川原自治会","1991-03-26","","","","","","","","","","","https://www.city.kazuno.lg.jp/kanko_bunka_sports/bunkazai/2/mukeiminzokubunkazai/kawaradaikagura/index.html",""
"052094","BB0100003043","秋田県鹿角市","芦名沢大太鼓","アシナサワオオダイコ","","Ashinazawa drum","市指定無形民俗文化財","","芦名沢大太鼓保存会","052094","0010000","秋田県鹿角市十和田山根","秋田県","鹿角市","十和田山根","","","","","","","","","","","","0185331","","","","芦名沢大太鼓保存会","2009-01-20","","","","","","","","","","","https://www.city.kazuno.lg.jp/kanko_bunka_sports/bunkazai/2/mukeiminzokubunkazai/ashinazawaoodaiko/index.html",""
"052094","BB0100003044","秋田県鹿角市","花輪ねぷた","ハナワネプタ","","","市指定無形民俗文化財","","花輪ばやし祭典委員会","052094","0012000","秋田県鹿角市花輪","秋田県","鹿角市","花輪","","","40.18893","140.78949","","","0186-22-6088","","","","","0185201","","","","花輪ばやし祭典委員会","2012-05-28","","","","","","","","","","","https://www.city.kazuno.lg.jp/kanko_bunka_sports/bunkazai/2/mukeiminzokubunkazai/hanawaneputa/index.html",""
"052094","BB0100003045","秋田県鹿角市","水沢盆踊り太鼓","ミズサワボンオドリタイコ","","","市指定無形民俗文化財","","水沢盆踊り太鼓保存会","052094","0011347","秋田県鹿角市八幡平字平","秋田県","鹿角市","八幡平字平","","","","","","","","","","","","0185141","","","","水沢盆踊り太鼓保存会","2018-03-01","","","","","","","","","","","https://www.city.kazuno.lg.jp/kanko_bunka_sports/bunkazai/2/mukeiminzokubunkazai/mizusawabonodoridaiko/index.html",""
"052094","BB0100003046","秋田県鹿角市","錦木古川大太鼓","ニシキギフルカワオオダイコ","","","市指定無形民俗文化財","","錦木古川大太鼓保存会","052094","0009117","秋田県鹿角市十和田錦木字古川","秋田県","鹿角市","十和田錦木字古川","","","","","","","","","","","","0185336","","","","錦木古川大太鼓保存会","2020-02-21","","","","","","","","","","","https://www.city.kazuno.lg.jp/kanko_bunka_sports/bunkazai/2/mukeiminzokubunkazai/nishikigihurukawaoodaiko/index.html",""
"052094","BB0100003047","秋田県鹿角市","中ノ渡り一里塚","ナカノワタリイチリヅカ","","","市指定史跡","","十和田大湯","052094","0003000","秋田県鹿角市十和田大湯","秋田県","鹿角市","十和田大湯","","","","","","","","","","","","0185421","","","","個人","1989-03-24","","","","","","","","","","","https://www.city.kazuno.lg.jp/kanko_bunka_sports/bunkazai/2/siseki/12822.html",""
"052094","BB0100003048","秋田県鹿角市","シダレカツラ","シダレカツラ","","","市指定天然記念物","","八幡平","052094","0011000","秋田県鹿角市八幡平","秋田県","鹿角市","八幡平","","","","","","","","","","","","0185141","1","本","","個人","1977-02-04","","","","","","","","","","","https://www.city.kazuno.lg.jp/kanko_bunka_sports/bunkazai/2/tennenkinenbutu/12826.html",""
"052094","BB0100003049","秋田県鹿角市","シダレカツラ","シダレカツラ","","","市指定天然記念物","","花輪","052094","0012256","秋田県鹿角市花輪字新田町11-4","秋田県","鹿角市","花輪字新田町","11-4","","40.18199","140.78537","","","","","","","","0185201","2","本","","鹿角市","1977-02-04","","","","","","","","","","","https://www.city.kazuno.lg.jp/kanko_bunka_sports/bunkazai/2/tennenkinenbutu/12827.html",""
"052094","BB0100003050","秋田県鹿角市","唐傘松(アカ松)","カラカサマツ(アカマツ)","","","市指定天然記念物","","湯瀬自治会","052094","0011321","秋田県鹿角市八幡平字湯瀬堰根口48","秋田県","鹿角市","八幡平字湯瀬堰根口","48","","40.12542","140.82829","","","","","","","","0185141","1","本","","湯瀬自治会","1978-02-22","","","","","","","","","","","https://www.city.kazuno.lg.jp/kanko_bunka_sports/bunkazai/2/tennenkinenbutu/12828.html",""
"052094","BB0100003051","秋田県鹿角市","神明社親杉","ジンメイシャオヤスギ","","","市指定天然記念物","","神明社","052094","0007114","秋田県鹿角市十和田末広字向イ平106","秋田県","鹿角市","十和田末広字向イ平","106","","40.23153","140.74199","","","","","","","","0185337","","","","神明社","1983-07-15","","","","","","","","","","","https://www.city.kazuno.lg.jp/kanko_bunka_sports/bunkazai/2/tennenkinenbutu/12829.html",""
"052094","BB0100003052","秋田県鹿角市","長嶺毘沙門神社の大公孫樹","ナガミネビシャモンジンジャノオオイチヨウ","","","市指定天然記念物","","長嶺自治会","052094","0011333","秋田県鹿角市八幡平字堂の前","秋田県","鹿角市","八幡平字堂の前","","","40.13309","140.79619","","","","","","","","0185141","","","","長嶺自治会","1987-01-16","","","","","","","","","","","https://www.city.kazuno.lg.jp/kanko_bunka_sports/bunkazai/2/tennenkinenbutu/12830.html",""
"052094","BB0100003053","秋田県鹿角市","八幡平神社境内のミズナラ","ハチマンタイジンジャケイダイノミズナラ","","Quercus crispula (1) in the precincts of Hachimantai shrine","市指定天然記念物","","八幡平神社","052094","0011250","秋田県鹿角市八幡平字切留平50-2","秋田県","鹿角市","八幡平字切留平","50-2","","40.01249","140.81447","","","","","","","","0185141","1","本","","八幡平神社","1987-01-16","","","","","","","","","","","https://www.city.kazuno.lg.jp/kanko_bunka_sports/bunkazai/2/tennenkinenbutu/12831.html",""
"052094","BB0100003054","秋田県鹿角市","大欠千手観音堂の大ケヤキ","オオカケセンジュカンノンドウノオオケヤキ","","","市指定天然記念物","","大欠公園内","052094","0007103","秋田県鹿角市十和田末広字沖ノ平63","秋田県","鹿角市","十和田末広字沖ノ平","63","","40.2377","140.73351","","","","","","","","0185337","1","本","","大欠自治会","1990-03-26","","","","","","","","","","","https://www.city.kazuno.lg.jp/kanko_bunka_sports/bunkazai/2/tennenkinenbutu/12832.html",""
"052094","BB0100003055","秋田県鹿角市","下川原トビウオ生息地","シモカワラトビウオセイソクチ","","","市指定天然記念物","","下川原","052094","0012272","秋田県鹿角市花輪字赤川","秋田県","鹿角市","花輪字赤川","","","40.22713","140.78513","","","","","","","","0185201","","","","下川原自治会","1977-02-04","","","","","","","","","","","https://www.city.kazuno.lg.jp/kanko_bunka_sports/bunkazai/2/tennenkinenbutu/12833.html",""
